0000000000000,BEAUX JOURS,
0000000000055,RYOBI,DP
0000000001574,BOSCH,
0000000004694,PHILIPS,
0000000082991,SCHNEIDER,
0000000194253,APPLE,
0000000454929,CANON,
0001200130009,JBL,F9
0010942215561,KRUPS,D9
0010942215714,KRUPS,D
0010942216223,KRUPS,
0010942216247,KRUPS,05
0010942220237,KRUPS,
0010942225041,KRUPS,
0011120271638,BISSELL,RE
0011120272529,BISSELL,AA
0011120272536,BISSELL,AA
0011120277296,,RE
0017229164024,PLANTRONICS,AA
0017817801768,BOSE,D9
0018208947560,NIKON,
0019516118048,HP,RE
0023942490647,VERBATIM,F9
0023942491743,VERBATIM,RJ
0023942531111,VERBATIM,RE
0023942531128,VERBATIM,AA
0023942532309,VERBATIM,RE
0023942692867,VERBATIM,RE
0023942989387,VERBATIM,F9
0031262081742,HOMEDICS,RE
0032546446202,EASTPACK,NR
0041778617762,KODAK,F9
0042005310968,BOSCH,D9
0043917002293,WAHL,F9
0043917006888,WAHL,F9
0045496420598,NINTENDO,
0045496430535,NITENDO,RE
0045496452711,NINTENDO,RE
0045496453152,NINTENDO,
0045496453404,NITENDO,D9
0045496453596,NINTENDO,NR
0045496453695,NITENDO,RE
0045496453992,NINTENDO,
0045496454036,NINTENDO,
0045496479695,NINTENDO,RE
0050036389976,JBL,Z0
0050036395465,JBL,RE
0050036399371,JBL,F9
0050036402460,JBL,Z0
0073950321891,WATERPIK,AA
0073950321907,WATERPIK,AA
0085642000069,WOODSUN,
0185323000491,GOPRO,RE
0190198061058,APPLE,RE
0190198603937,APPLE,
0190198764829,APPLE,
0190199096974,BEATS,RE
0190199291102,APPLE,
0190199388765,APPLE,RE
0190199535039,APPLE,
0190199710320,APPLE,
0190199760981,APPLE,RE
0190199882843,APPLE,
0190199883604,APPLE,
0190780931721,HP,
0190781147954,HP,
0191628400850,HP,
0192545432504,HP,
0193015920293,HP,Z0
0193386048367,LENOVO,
0193575006536,GOOGLE,B3
0193575007373,GOOGLE,B3
0193575023670,GOOGLE,B3
0193905408610,HP,
0194252029619,APPLE,
0194252128718,APPLE,
0194252165867,APPLE,
0194252166765,APPLE,
0194252194829,APPLE,
0194252245057,APPLE,
0194252515679,APPLE,RE
0194252527443,APPLE,
0194252542330,APPLE,
0194252584767,APPLE,
0194252590409,APPLE,
0194252593288,APPLE,
0194252707197,APPLE,
0194252707555,APPLE,
0194252709252,APPLE,
0194252794883,APPLE,
0194253081234,APPLE,
0194253081708,APPLE,
0194253083580,APPLE,
0194253149217,APPLE,
0194253149958,APPLE,
0194253157205,APPLE,
0194253157946,APPLE,
0194253264620,TECH DATA,
0194253380177,APPLE,RE
0194253380634,APPLE,
0194253401834,APPLE,
0194253408253,APPLE,
0194253408581,APPLE,
0194253409908,APPLE,
0194253494850,APPLE,
0194253687986,APPLE,
0194253711810,APPLE,
0194253776628,IMAC,
0194552945381,LENOVO,
0194552945435,LENOVO,D9
0194644049423,ANKER,F9
0194721098054,HP,
0194778317078,LENOVO,
0194778317948,LENOVO,
0194850875878,HP,DP
0195122298616,HP,
0195161431272,HP,D9
0195161618291,HP,D
0195235366912,LENOVO,
0195235798966,LENOVO,
0195477782686,LEGION,
0195553810296,ASUS,
0195553907460,ASUS,Z0
0195697726811,HP,
0195713322324,LENOVO,D9
0195713551465,LENOVO,
0195713604918,LENOVO,
0195890032221,LENOVO,
0195890354415,LENOVO,
0195890530482,LENOVO,
0195890627878,LENOVO,
0195890695518,LENOVO,
0195891416020,LENOVO,Z0
0195949003202,APPLE,
0195949003646,APPLE,
0195949018572,APPLE,D9
0195949018756,APPLE,
0195949029790,APPLE,
0195949036606,APPLE,
0195949036781,APPLE,
0195949041815,APPLE,
0195949048432,APPLE,
0195949048616,APPLE,
0195949080197,APPLE,
0195949121470,APPLE,RE
0195949124068,APPLE,
0195949125003,APPLE,
0195949133695,APPLE,
0195949508967,APPLE,
0195949563768,APPLE,
0195949643415,SE ELECTRONIQUE,
0195949655968,APPLE,
0195949771392,APPLE,
0195949771774,APPLE,
0195949771965,APPLE,
0195949822681,APPLE,
0195949822865,APPLE,
0195949838026,APPLE,
0195949900938,APPLE,
0196068385804,HP,
0196068946050,HP,
0196118043432,LENOVO,
0196119543252,LENOVO,
0196119980767,LEGION,
0196188042403,AUTRE MARQUE,F9
0196379383889,LENOVO,
0196388023585,MICROSOFT,
0196388141494,XBOX,F9
0196388155095,MICROSOFT,
0196388419326,MICROSOFT,
0196388518203,MICROSOFT,F9
0196548120178,HP,
0196548180219,HP,
0196548194391,HP,
0196548303212,OMEN,
0196548333479,HYPERX,YD
0196548351817,VICTUS,
0196786153785,,
0196786153891,HP,RE
0196786287145,HP,RE
0196786390142,HP,P9
0196786507786,VICTUS,
0196786509070,HP,
0196786778070,HP,
0196800242594,LENOVO,D9
0196801162372,LENOVO,
0196801162419,LENOVO,
0196801324183,LENOVO,
0196804943084,LENOVO,
0197029008220,HYPERX,RE
0197029611727,HYPERX,Z0
0197105725645,ASUS,
0197105795167,ASUS,P9
0197192503652,HP,
0197192566374,OMEN,Z0
0197192907443,HP,RE
0197192907467,HP,
0197497312799,VICTUS,
0197497484489,HP,
0197498800646,HEWLETT PACKARD,
0197498801001,VICTUS,
0197498910499,HP,
0197498944463,HP,Z0
0197528150017,LENOVO,D
0197529364673,LENOVO,
0197529364932,LENOVO,
0197530703256,LENOVO,
0197531082251,LENOVO,
0197531514509,LENOVO,
0197532332577,LEGION,
0197961717945,HP,
0198122428540,HP,
0198122627561,OMEN,P9
0198153593989,LENOVO,
0198153603336,LENOVO,
0198154425166,LENOVO,
0198155462276,LENOVO,Z0
0198155748134,LENOVO,Z0
0198156599957,LENOVO,
0198156599964,LENOVO,
0198157200753,LENOVO,P9
0198157200821,LENOVO,
0198157200838,LENOVO,
0198701343424,MGF,YA
0198828033567,HP,
0199271563519,LENOVO,
0199271704547,LENOVO,P9
0199485174716,HP,
0322161600722,ROWENTA,
0322161606113,ROWENTA,
0360102850546,FOXTER,Z0
0404666419211,SCHEPPACH,Z0
0422005439942,BOSCH,
0541214435887,SIMEO,
0606449136920,NETGEAR,F9
0615104100114,SENNHEISER,F9
0619659102166,SANDISK,F9
0619659102197,SANDISK,Z0
0619659115883,SANDISK,F9
0619659169381,SANDISK,F9
0619659177171,SANDISK,F9
0619659177201,SANDISK,F9
0619659184377,SANDISK,Z0
0619659185091,SANDISK,Z0
0619659188924,SANDISK,F9
0619659196479,SANDISK,F9
0619659196721,WESTERN DIGITAL,NR
0619659200176,SANDISK,Z6
0619659200190,SANDISK,Z0
0622356232715,NINJA,NR
0622356283076,NINJA,YD
0634158799464,PHENIX,NR
0636926100410,TOMTOM,
0636926105750,TOMTOM,F9
0636926105767,TOMTOM,RE
0644812051388,DIVERS MARQUES,NR
0663296421531,THRUSTMASTER,YD
0681495007813,KOBO,F9
0690590034594,ARCHOS,RE
0690590039070,ARCHOS,RE
0690590039087,ARCHOS,
0690590039407,ARCHOS,
0708056066055,NITENDO,RE
0708056066826,NINTENDO,RE
0708056068882,PDP,AA
0708056070250,PDP,RE
0708056071196,PDP,RE
0711719399506,SONY,RE
0711719407577,SONY,
0711719563297,SONY,RE
0711719563839,SONY,
0711719565659,SONY,
0711719572824,AUTRE MARQUE,
0711719572978,SONY,RE
0711719576730,SONY,
0711719592198,SONY,RE
0711719593423,SONY,NR
0711719594055,SONY,NR
0711719595472,SONY,
0711719827894,SONY,DP
0718037855448,WESTERN DIGITAL,F9
0718037870960,WESTERN DIGITAL,F9
0725211028024,TAMRON,
0731855030002,TURTLE BEACH,AA
0731855031047,TURTLE BEACH,B3
0731855031405,TURTLE BEACH,F9
0731855031450,TURTLE BEACH,NR
0731855035557,TURTLE BEACH,B3
0731855051052,STEALTH,AA
0745883643622,BELKIN,F9
0745883788491,BELKIN,F9
0745883821952,BELKIN,F9
0745883823505,BELKIN,F9
0745883825455,BELKIN,Z0
0745883834754,BELKIN,Z0
0745883834761,BELKIN,AA
0745883837717,BELKIN,F9
0745883852352,BELKIN,Z0
0745883853953,BELKIN,F9
0745883855117,BELKIN,F9
0745883864973,BELKIN,Z0
0745883891801,BELKIN,F9
0745883894444,BELKIN,F9
0745883894451,BELKIN,F9
0745883894475,BELKIN,F9
0753759218584,GARMIN,
0753759279639,GARMIN,RE
0753759279882,GARMIN,
0753759304836,GARMIN,RE
0753759324902,GARMIN,Z0
0753759324919,GARMIN,
0753759326593,GARMIN,Z0
0759454484811,PURE DIGITAL TECHNOLOGIES,RE
0760557823940,TRANSCEND,05
0760557831181,TRANSCEND,
0761318053309,REVLON,F9
0810029934961,GOOGLE,RE
0810045683300,SKULLCANDY,AA
0810045683447,CANDY,F9
0810050910972,NINTENDO,AA
0810050911702,HORI,B3
0811138033262,FITBIT,RE
0811138038687,FITBIT,RE
0812350238787,MONSTER,AA
0812887018623,,AA
0814633021765,PIONEER,F9
0816137020244,FITBIT,RE
0816137020961,FITBIT,RE
0818279023756,GOPRO,DP
0818279026016,GOPRO,RE
0819900012408,KODAK,RE
0819900012507,KODAK,F9
0819900013061,KODAK,ZR
0819900014006,KODAK,F9
0819900014075,KODAK,Z0
0819900014082,KODAK,Z4
0819900014112,KODAK,F9
0819900014228,KODAK,F9
0819900014259,KODAK,F9
0840006609872,CORSAIR,Z0
0840006609919,CORSAIR,Z0
0840006610274,CORSAIR,AA
0840006624486,CORSAIR,Z0
0840006639787,CORSAIR,F9
0840006643623,CORSAIR,Z0
0840006643661,CORSAIR,F9
0840006652878,CORSAIR,F9
0840006657903,CORSAIR,F9
0840006663652,CORSAIR,F9
0840006666509,CORSAIR,F9
0840006676157,CORSAIR,Z0
0840006676515,CORSAIR,F9
0840023220807,MOTOROLA,
0840023231964,MOTOROLA,
0840023246708,MOTOROLA,05
0840023248191,MOTOROLA,
0840023249778,MOTOROLA,D
0840023252747,MOTOROLA,RE
0840023256585,MOTOROLA,
0840023258312,MOTOROLA,
0840023264559,MOTOROLA,
0840023268267,MOTOROLA,
0840023269271,MOTOROLA,E9
0840023292316,MOTOROLA,
0840102160871,POLAROID,RE
0840244707934,GOOGLE,
0843367119660,LEXAR,Z0
0843367119707,LEXAR,Z0
0843367119974,LEXAR,F9
0843367121007,LEXAR,F9
0843367121779,LEXAR,Z0
0843367123445,LEXAR,F9
0843367128242,LEXAR,F9
0843367133093,LEXAR,F9
0843591075954,CORSAIR,F9
0843812106856,KODAK,RJ
0843812106863,KODAK,F9
0845620039098,NINTENDO,NR
0846885010563,MARLEY,Z4
0846885011362,MARLEY,F9
0846885011379,MARLEY,F9
0846885011645,MARLEY,PM
0871594670586,EPSON,
0872025445216,SEGWAY,
0880609293771,SAMSUNG,D
0880609558962,SAMSUNG,
0884620018375,DURACELL,NR
0885155027412,IROBOT,
0885155032645,IROBOT,
0885909611607,APPLE,F9
0885909651603,APPLE,RE
0885909934102,APPLE,
0888182260494,HP,
0888228411095,LENOVO,
0888462561563,APPLE,RE
0889842196368,XBOX,F9
0889842611595,MICROSOFT,RE
0889842615326,XBOX,F9
0889842640809,MICROSOFT,RE
0889842654752,MICROSOFT,B3
0889842654790,MICROSOFT,F9
0889842657586,MICROSOFT,F9
0889842717075,MICROSOFT,B3
0889842733792,MICROSOFT,
0889842823936,MICROSOFT,F9
0889842912234,MICROSOFT,
0889955199416,LENOVO,
1200130009440,JBL,Z0
1200130009709,HARMAN,Z4
1200130010187,JBL,F9
1200130010217,JBL,F9
1200130010224,JBL,F9
1200130015144,JBL,F9
1200130015168,JBL,F9
1200130015267,JBL,F9
1200130015540,JBL,F9
1200130015618,JBL,F9
1200130016356,JBL,F9
1200130016363,JBL,F9
1200130016523,JBL,F9
1200130018589,JBL,F9
1200130018596,JBL,F9
1200130019555,JBL,
1200130019562,JBL,P9
1200130019586,JBL,
1200130019609,JBL,P9
1200130020216,JBL,
1959495066123,APPLE,
1965481020178,HP,NR
2000000426488,SAMSUNG,
2000000488196,COUGAR,
2000000943008,SANS MARQUE,DP
2000001131916,WHIRLPOOL,DP
2000001431986,SAMSUNG,NR
2000001809358,XIAOMI,
2000001876251,LENOVO,AA
2000001937068,MEDION,
2000002025498,CANON,LS
2000002025986,LENOVO,
2000002836551,FUJI,RE
2000002906353,APPLE,AA
2000002933991,SHARP,
2000003074884,SAMSUNG,
2000003088904,LENOVO,NR
2000004014063,Z  A Définir <----------------,AA
2000004463281,ACER,
2000005994982,LAMBORGHINI,
2000006750587,HP,
2000006800091,APPLE,
2000007392014,MOULINEX,
2000007392199,TEFAL,SE
2000007960787,HP,RE
2000008119276,APPLE,AA
2000008691802,3B SCIENTIFIC,AA
2000008823814,LOGICOM,F9
2000012695629,MUSE,Z0
2000012857416,LENOVO,
2000300118113,ECHO,AO
2000300138661,BRIGGS & STRATTON,
2000903261742,APPLE,D9
2000905215682,SAMSUNG,
2000906795152,SAMSUNG,NR
3011666116391,KRUPS,
3015220001321,,RE
3015220018091,,RE
3015220943188,ON LAN,
3015220957352,,AA
3015220957376,,F9
3015220965968,JBL,F9
3016661136849,MOULINEX,RE
3016661137839,MOULINEX,
3016661147586,MOULINEX,
3016661148163,MOULINEX,
3016661148705,MOULINEX,
3016661148842,MOULINEX,
3016661149696,MOULINEX,
3016661157240,MOULINEX,CD
3016661157813,MOULINEX,SE
3016661158056,MOULINEX,RE
3016661158483,MOULINEX,
3016661159084,MOULINEX,D9
3016661159183,MOULINEX,
3016661159220,MOULINEX,
3016661166877,MOULINEX,
3016661174148,MOULINEX,
3016667243558,MOULINEX,
3016667249055,MOULINEX,
3016667291689,MOULINEX,
3030050044584,CUISINART,F9
3030050069426,BABYLISS,F9
3030050076363,BABYLISS,F9
3030050096668,BABYLISS,Z0
3030050121254,BABYLISS,Z0
3030050126259,BABYLISS,F9
3030050145878,BABYLISS,Z0
3030050149227,CUISINART,F9
3030050152562,CUISINART,F9
3030050153248,BABYLISS,Z0
3030050153347,BABYLISS,F9
3030050153361,BABYLISS,F9
3030050153385,BABYLISS,F9
3030050153590,BABYLISS,Z0
3030050153637,BABYLISS,Z0
3030050154863,BABYLISS,F9
3030050154894,BABYLISS,F9
3030050164800,CUISINART,F9
3030050165333,BABYLISS,Z0
3030050165340,BABYLISS,Z0
3030050165432,CUISINART,F9
3030050173277,BABYLISS,F9
3030050173345,BABYLISS,Z0
3030050175691,BABYLISS,F9
3030050182125,BRAUN,Z4
3030050182316,BRAUN,F9
3030050182378,BRAUN,F9
3030050182385,BRAUN,
3030050182453,BRAUN,F9
3030050182460,BRAUN,F9
3030050185904,BABYLISS,Z0
3030058001800,CUISINART,F9
3031446803341,ROWENTA,
3031449314035,H BICYCLES,AA
3032162531174,3B SCIENTIFIC,NR
3032651872245,DIVERS MARQUES,AO
3032651883708,BIKEROAD,
3032651883715,AUTRES MARQUES,
3032651887201,DIVERS MARQUES,
3045380010987,SEB,
3045380013735,SEB,
3045380016088,MOULINEX,
3045380016484,TEFAL,SE
3045380018556,SEB,
3045380018570,SEB,
3045380018921,TEFAL,LP
3045380018983,TEFAL,
3045380021044,KRUPS,
3045380022430,SEB,
3045380024571,MOULINEX,NR
3045380025950,TEFAL,SE
3045380026377,TEFAL,
3045386369638,MOULINEX,
3045386371556,MOULINEX,RE
3045386373918,MOULINEX,
3045386376773,MOULINEX,
3045386376797,MOULINEX,RE
3045386377961,MOULINEX,D9
3045386379750,TEFAL,
3045386380107,MOULINEX,
3045387244118,TEFAL,
3045387246006,MOULINEX,
3045387248307,TEFAL,
3045387248987,MOULINEX,
3045387250461,MOULINEX,
3045387290146,MOULINEX,
3045387290436,TEFAL,
3045387290825,MOULINEX,
3045387295639,MOULINEX,
3045387296124,MOULINEX,Z0
3045388534911,MOULINEX,
3046171904294,EWT,F9
3094570139557,TERRAILLON,F9
3094570141338,TERRAILLON,F9
3094570146692,TERRAILLON,F9
3094570149594,TERRAILLON,F9
3094570150149,TERRAILLON,F9
3094570151962,TERRAILLON,F9
3094570152471,TERRAILLON,F9
3094570153577,TERRAILLON,F9
3094570153881,TERRAILLON,F9
3094570153898,TERRAILLON,F9
3094570154154,TERRAILLON,F9
3118220038943,TOP CHEF,RJ
3121040029008,CALOR,
3121040059449,ROWENTA,
3121040063156,CALOR,D9
3121040063552,CALOR,05
3121040065693,CALOR,
3121040065808,CALOR,RE
3121040067277,CALOR,
3121040070598,CALOR,05
3121040073148,CALOR,
3121040075036,CALOR,
3121040077634,TEFAL,
3121040078716,CALOR,
3121040082799,ROWENTA,
3121040084168,CALOR,RD
3121040085929,CALOR,
3121040086100,CALOR,
3121040092293,ROWENTA,SE
3121040092682,CALOR,
3121040093221,CALOR,
3121044106217,ROWENTA,
3121047251198,CALOR,
3121970194463,MTD,
3124480072009,MARSHALL,F9
3126170114860,EMTEC,NR
3126170142078,EMTEC,F9
3126170142085,EMTEC,F9
3126170142092,EMTEC,RE
3126170143242,KODAK,F9
3126170143303,KODAK,F9
3126170143365,KODAK,F9
3126170143570,KODAK,F9
3126170144928,EMTEC,Z0
3126170152527,KODAK,F9
3126170155399,DEXXON,RE
3126170159854,DEXXON,RE
3126170160126,KODAK,F9
3126170168030,EMTEC,F9
3126170173157,EMTEC,F9
3126170173188,EMTEC,Z0
3126170173249,EMTEC,Z0
3133200094962,,F9
3138522087159,CAMPING GAZ,
3138522119751,CAMPING GAZ,
3154149070398,maped,NR
3159921221203,TIGEX,RE
3160920508943,MER,AA
3160920521317,AUTRE MARQUE,AA
3165140327879,BOSCH,RE
3165140557436,BOSCH,AO
3165140616850,BOSCH,AO
3165140633147,BOSCH,AO
3165140689175,BOSCH,RE
3165140824309,BOSCH,AA
3168430282049,TEFAL,
3168430282865,TEFAL,
3168430286887,TEFAL,
3168430294820,TEFAL,
3168430302457,MOULINEX,RE
3168430302921,TEFAL,CD
3168430315709,TEFAL,05
3168430346017,TEFAL,
3168430354272,TEFAL,
3168430359147,TEFAL,
3168437250966,TEFAL,
3196201290146,LAGRANGE,F9
3196201490133,LAGRANGE,
3196201793012,LAGRANGE,F9
3196202290114,LAGRANGE,CD
3196204590045,LAGRANGE,YD
3196204890022,LAGRANGE,YD
3196204890039,LAGRANGE,Z4
3196205390019,LAGRANGE,F9
3196206090208,LAGRANGE,F9
3217589997219,DOPHIN,AA
3219110522976,DELSEY,NR
3219110523089,DELSEY,NR
3221610095706,ROWENTA,
3221610108505,ROWENTA,RE
3221610127704,ROWENTA,RE
3221613016104,ROWENTA,
3221614001123,ROWENTA,RD
3221614001246,ROWENTA,RE
3221614001956,ROWENTA,
3221614003158,ROWENTA,05
3221614004162,ROWENTA,
3221614006098,ROWENTA,RE
3221614006364,ROWENTA,
3221614006395,ROWENTA,
3221614006531,ROWENTA,
3221614007231,ROWENTA,
3221614007835,ROWENTA,
3221616000223,ROWENTA,
3221616000513,ROWENTA,
3221616000995,ROWENTA,
3221616001183,ROWENTA,RE
3221616055094,ROWENTA,
3221616061118,ROWENTA,SE
3221616094178,ROWENTA,
3221616109568,ROWENTA,
3221616129863,ROWENTA,
3228470064743,SENSEO,F9
3232767100106,KARCHER,
3244480179635,ALBA,
3245060501723,,RE
3254763000297,THOMSON,F9
3254763000600,THOMSON,RJ
3260449043458,AMICA,
3260449043465,AMICA,
3260449043496,AMICA,
3260449044141,CURTISS,DP
3260449046732,AMICA,
3260449047159,FAGOR,
3260449048743,FAGOR,
3260449048934,FAGOR,
3260449049092,,RE
3260449049191,FAGOR,
3260449049771,FAGOR,
3260449050135,CURTISS,
3260449050647,,
3260449050722,CURTISS,
3260449051941,CURTISS,Z0
3260449051989,,
3260449052030,CURTISS,CD
3264772573064,TAKARA,
3264772576041,TAKARA,Z4
3267070019524,BEAUX JOURS,NR
3274080001005,CLERVERLINE,NR
3283494255287,MECAFER,
3283494256284,MECAFER,
3283494500325,MERCURE,
3283494501117,MECAFER,
3283494502022,MECAFER,
3283494900804,MECAFER,F9
3289668520502,PHILIPS,F9
3303170042274,T'NB,F9
3303170049761,T'NB,F9
3303170068106,T'NB,F9
3303170075951,T'NB,Z0
3303170081112,T'NB,Z0
3303170081303,T'NB,Z0
3303170082430,T'NB,Z0
3303170083895,T'NB,F9
3303170088135,T'NB,F9
3303170088142,T'NB,Z0
3303170088890,,F9
3303170091654,T'NB,F9
3303170093283,T'NB,F9
3303170093634,T'NB,F9
3303170093887,AUTRE MARQUE,F9
3303170095171,T'NB,F9
3303170097304,T'NB,F9
3303170099339,T'NB,F9
3303170099391,T'NB,F9
3303170103180,T'NB,F9
3303170104651,,F9
3303170105160,T'NB,F9
3303170107249,T'NB,F9
3303170107348,DIVERS MARQUES,F9
3303170108413,T'NB,Z0
3303170108420,T'NB,Z0
3303170108987,T'NB,Z0
3303170109984,T'NB,F9
3303170111932,T'NB,F9
3303170112168,T'NB,F9
3303170114780,T'NB,F9
3303170114872,T'NB,F1
3303170119204,T'NB,F9
3303170119556,T'NB,F9
3303260003536,LOGICOM,F9
3303260008500,FPE,F9
3303260800197,FPE,ZA
3304490414246,D2 DIFFUSION,AA
3304490422074,WAVES,NR
3304490425099,,AA
3304490425112,D2 DIFFUSION,AA
3304490430888,WE,NR
3304490431564,WE,RE
3304490821020,D2 DIFFUSION,
3322101160603,CGV,F9
3322101306605,CGV,F9
3322101900100,CGV,F9
3322101900407,CGV,F9
3322102083307,CGV,F9
3322102084106,CGV,F9
3322102085103,CGV,F9
3322102085400,CGV,F9
3322104027200,CGV,F9
3322104027606,AUTRES MARQUES,RE
3322104028405,CGV,F9
3322104029303,CGV,F9
3322105091002,CGV,F9
3322107004000,CGV,F9
3322107005700,CGV,F9
3322107007209,CGV,F9
3322107008602,CGV,F9
3325310020645,SPIDO,AO
3325310020829,Z  A Définir <----------------,AO
3325310022274,SPIDO,NR
3325310022373,DIPRA,NR
3325310022540,DIPRA,AO
3325310022908,SPIDO,AO
3325310023066,SPIDO,NR
3325579118428,AUTOGYRE,AA
3326771009460,FAURE,
3326772018805,,
3326772019475,,
3327968000406,OPTEX,AA
3327969900545,OPTEX,AA
3327969904406,,AA
3331300051018,FLAWLESS,F9
3331300051025,FLAWLESS,F9
3331300051032,FLAWLESS,F9
3347269031220,IXOSPORT,
3355150057914,CANON,
3355662200884,STARFEU,Z4
3355662200907,CREA,Z4
3362934001766,THRUSTMASTER,
3362934402785,THRUSTMASTER,
3373270009224,PRODIF,
3373270013672,PRODIF,
3373270013733,PRODIF,
3373270013917,PRODIF,
3380743036489,LEXIBOOK,F9
3380743050867,LEXIBOOK,F9
3380743067421,LEXIBOOK,F9
3380743084374,LEXIBOOK,F9
3380743089928,LEXIBOOK,F9
3380743090245,LEXIBOOK,F9
3380743090252,LEXIBOOK,F9
3380743091174,LEXIBOOK,F9
3380743091310,LEXIBOOK,F9
3380743098050,LEXIBOOK,F9
3380743099477,LEXIBOOK,F9
3380743101101,LEXIBOOK,F9
3380743102115,LEXIBOOK,F9
3380743104218,LEXIBOOK,F9
3380743105857,LEXIBOOK,F9
3380743110882,LEXIBOOK,F9
3389550027420,DIGITEC,RE
3410532200613,SAUTER,AA
3415548100124,OTIO,AA
3416879736808,SIMEO,RE
3416879811772,SIMEO,
3417761658055,VTECH,NR
3417765489051,ACCO,RE
3417765491559,VTECH,AA
3417766186058,VTECH,RE
3420744416221,METRONIC,P9
3420744416252,METRONIC,F9
3420744770033,METRONIC,F9
3420744770330,METRONIC,F9
3420744770347,,F9
3420744770354,METRONIC,F9
3420744770835,METRONIC,F9
3420744771092,METRONIC,F9
3420744771177,METRONIC,F9
3420744772020,METRONIC,F9
3420744772174,METRONIC,F9
3420744772204,METRONIC,F9
3420744772532,METRONIC,F9
3420744773447,METRONIC,F9
3420744773478,METRONIC,F9
3420744773485,MOOOV,F9
3420744773614,MOOOV,F9
3420744774062,METRONIC,F9
3420744801492,GULLI,F9
3420744801829,METRONIC,AO
3420744851176,GULLI,F9
3429321850106,,AA
3431541150713,FAR TOOLS,RE
3438050110184,SODISE,AO
3451571023207,FAVEX,
3451571034760,FAVEX,NR
3455922382593,SIPLEC,
3459223402400,SIPLEC,J1
3459223462848,SIPLEC,J1
3459223466549,BESTWAY,RE
3459223550040,BESTWAY,NR
3459223573025,FAHRENHEIT MEDICAL,NR
3459223592064,3B,NR
3459223602664,VTECH,RE
3459223604187,BESTWAY,NR
3459223607126,SIPLEC,NR
3459223815378,RED BULL,RE
3459223819826,VTECH,NR
3459223823946,LECLERC,NR
3459223841735,SIPLEC,NR
3465700055373,NOIROT,AA
3473370010684,AKAI,NR
3473370010714,TOKAI,RJ
3473370015351,TOKAI,RJ
3473370015740,AKAI,RJ
3473370015818,TOKAI,RJ
3473370016358,TOKAI,RJ
3483070012635,LOGICOM,F9
3483070023372,LOGICOM,B3
3483070027240,LOGICOM,F9
3483070028063,LOGICOM,YD
3483070500255,LOGICOM,Z4
3483070500538,LOGICOM,YD
3483070508053,LOGICOM,Z4
3483070856512,MAPPY,F9
3483070976517,MAPPY,YD
3483071000129,LOGICOM,ZR
3483071000334,LOGICOM,F9
3483072000074,D-JIX,F9
3483072500079,LOGICOM,F9
3483072500147,LOGICOM,YD
3483072500239,LOGICOM,F9
3483072500512,LOGICOM,RE
3483074000423,WISPEED,
3483074000515,WISPEED,
3483074000768,WISPEED,
3483074000805,WISPEED,
3483074096525,D-JIX,F9
3483074116520,D-JIX,Z0
3483077956529,LOGICOM,YD
3483078086522,LOGICOM,F9
3483078596526,LOGICOM,F9
3483079706528,WISPEED,Z4
3485617778943,KITCHEN CHEF,AA
3499550353976,BLUEWAY,AA
3499550355833,THOMSON,F9
3499550357707,THOMSON,F9
3499550360806,NACON,NR
3499550361933,BIGBEN,F9
3499550365634,THOMSON,F9
3499550367836,BIGBEN,F9
3499550368208,THOMSON,F9
3499550374469,BIGBEN INTERACTIVE,F9
3499550374483,BIGBEN,F9
3499550379228,THOMSON,F9
3499550380262,THOMSON,F9
3499550385045,BIGBEN,Z0
3499550385489,BIGBEN,Z0
3499550385557,BIGBEN CONNECTED,Z0
3499550386493,THOMSON,F9
3499550387032,BIGBENKIDS,F9
3499550387087,BIGBEN,Z0
3499550387131,THOMSON,F9
3499550387278,BIGBENKIDS,F9
3499550387872,THOMSON,F9
3499550387919,THOMSON,F9
3499550388138,BIGBEN,Z0
3499550388381,THOMSON,F9
3499550388749,BIGBEN,Z0
3499550389036,THOMSON,F9
3499550389081,THOMSON,F9
3499550389203,BIGBEN INTERACTIVE,AA
3499550389326,BIGBEN INTERACTIVE,Z0
3502885344300,MOTOROLA,NR
3506080090896,ALCATEL,F9
3508510006194,FAGOR,Z0
3508510041775,FAGOR,RE
3508510097017,FAGOR,F9
3516215054181,CARRERA,NR
3517271484387,BIGBEN,F9
3519280113500,NESPRESSO,AA
3519280113685,MAGIMIX,
3520410022395,PARROT,RE
3523930091087,LIVOO,AA
3523930093258,LIVOO,AA
3523930097867,LIVOO,F9
3523930098307,LIVOO,AA
3523930098314,LIVOO,F9
3523930098956,LIVOO,AA
3523930099298,LIVOO,F9
3523930100451,LIVOO,NR
3523930101342,LIVOO,AA
3523930101427,LIVOO,AA
3523930101977,LIVOO,AA
3523930102257,LIVOO,AA
3523930102417,LIVOO,AA
3523930102783,LIVOO,AA
3523930103216,LIVOO,CD
3523930103759,LIVOO,F9
3523930104633,LIVOO,NR
3523930104831,LIVOO,F9
3523930104923,LIVOO,F9
3523930105265,DELTA,F9
3523930105432,LIVOO,CD
3523930105548,LIVOO,F9
3523930105661,LIVOO,AA
3523930105951,LIVOO,F9
3523930106712,LIVOO,F9
3523930106750,LIVOO,F9
3523930107078,LIVOO,F9
3523930107320,LIVOO,F9
3523930108495,LIVOO,F9
3523930108624,LIVOO,F9
3523930109089,LIVOO,F9
3523930109348,LIVOO,F9
3524480251372,ESCALUX,NR
3526350103828,BBACK,D9
3526350103873,BBACK,D9
3526350103897,BBACK,F9
3527570045646,THOMSON,F9
3527570050985,SCHNEIDER,F9
3527570051159,THOMSON,NR
3527570051173,THOMSON,RJ
3527570052385,SCHNEIDER,RJ
3527570052392,SCHNEIDER,NR
3527570061417,KING D HOME,RJ
3527570064241,RADIOLA,RJ
3527570064777,THOMSON,F9
3527570065040,BORA,RJ
3527570066566,SCHNEIDER,D9
3527570068836,SCHNEIDER,RJ
3527570069598,RADIOLA,RJ
3527570070938,SCHNEIDER,
3527570071799,SCHNEIDER,F9
3527570072543,RADIOLA,RJ
3527570074455,THOMSON,F9
3527570074806,SCHNEIDER,
3527570075506,THOMSON,RJ
3527570077517,FRIGEAVIA,
3527570077548,RADIOLA,F9
3527570077586,FRIGEAVIA,
3527570078255,SCHNEIDER,
3527570080012,SCHNEIDER,RJ
3527570082986,MILLENIUM,RE
3527570083815,SCHNEIDER,RJ
3527570084454,SCHNEIDER,RJ
3527570084782,MILLENIUM,
3527570084850,SCHNEIDER,
3527570086052,THOMSON,NR
3527570086397,SCHNEIDER,RJ
3527570086700,SCHNEIDER,RJ
3527570087080,MILLENIUM,
3527570087097,MILLENIUM,
3527570087219,THOMSON,F9
3527570087516,THOMSON,RJ
3527570087868,SCHNEIDER,RJ
3527570088339,SCHNEIDER,D9
3527570088629,THOMSON,RJ
3527570090455,SCHNEIDER,RJ
3527570091148,SCHNEIDER,
3527570091711,SCHNEIDER,F9
3527570091797,SCHNEIDER,RJ
3527570091858,SCHNEIDER,RJ
3527570091889,SCHNEIDER,RJ
3527570094682,FRIGEAVIA,RJ
3536401537069,PNY,RE
3540260204772,DELL,
3541361912030,FRIGELUX,Z0
3541362011060,,
3541362106148,FRIGELUX,Z0
3541362304285,FRIGELUX,Z0
3541362304308,,
3541362304339,FRIGELUX,Z0
3545418100098,ZENITECH,AA
3545418100135,ZENITECH,AA
3552724250263,APM,AA
3552725720062,APM,RE
3552729002553,ISIUM,RE
3555801706011,CREA,NR
3563880000029,KRAMPOUZ,PM
3563880059881,KRAMPOUZ,D9
3563880129874,KRAMPOUZ,AA
3564706638068,PHILIPS,Z4
3567042015173,PORT DESIGNS,
3567042030077,PORT CONNECT,05
3567042030107,PORT CONNECT,
3567042030428,PORT CONNECT,P9
3567042030442,SAMSUNG,Z0
3567044007039,PORT DESIGNS,05
3567049009038,PORT CONNECT,Z0
3571211395690,BIGBEN INTERACTIVE,F9
3571211433590,BIGBEN,F9
3571211455790,BIGBEN CONNECTED,Z0
3571211456049,BIGBEN,F9
3571211456063,FORCE POWER,F9
3571211477549,BIGBEN,F9
3571211493662,BIGBEN,F9
3571211495369,BIGBEN,F9
3571211496151,BIGBEN,F9
3571211508823,FORCE PLAY,F9
3571211509622,BIGBEN,F9
3571211512622,BBC,
3571211520221,SAMSUNG,D9
3571211523185,BIGBEN,F9
3571211531395,FORCE CASE,F9
3576160023922,SIMEO,RE
3576160025087,SIMEO,
3576160025599,SIMEO,
3576160029283,SIMEO,
3576160029450,SIMEO,RE
3582321882000,BEAUX JOURS,
3584179048263,DUAL,
3592120201940,TECH DATA,
3592120221948,BLACKVIEW,
3595320106589,CLIMADIFF,
3595320107869,CLIMADIFF,
3601010018718,ECO +,NR
3601010073908,ECO +,NR
3601010079870,ECO +,RE
3601010081439,ECO +,NR
3601010081453,ECO +,NR
3601010082146,ECO +,NR
3601010082153,ECO +,NR
3601010082177,ECO +,NR
3601010082429,ECO +,RE
3601010101526,SIPLEC,NR
3601010110788,ECO +,
3601020003940,SELECTION D'EXPERT,AO
3601028508546,FOXTER,
3601028508560,BEAUX JOURS,Z4
3601028508980,LINKSTER,RE
3601028509048,ELSAY,NR
3601028509055,ELSAY,NP
3601028509253,ELSAY,NR
3601029814646,ELSAY,
3601029844575,HOME,NP
3601029856332,BEAUX JOURS,D
3601029856349,BEAUX JOURS,
3601029859524,FOXTER,J1
3601029859548,FOXTER,NR
3601029859562,SIPLEC,J1
3601029875029,WOODSUN,
3601029893757,BEAUX JOURS,J1
3601029896109,BEAUX JOURS,RE
3601029903104,BEAUX JOURS,
3601029904316,WOODSUN,NR
3601029904699,WOODSUN,
3601029904743,WOODSUN,F9
3601029904828,WOODSUN,
3601029904835,WOODSUN,
3601029904859,WOODSUN,
3601029904897,WOODSUN,F9
3601029904903,WOODSUN,F9
3601029906921,ELSAY,
3601029908543,FOXTER,J1
3601029908642,ELSAY,NR
3601029909144,FOXTER,AO
3601029916517,ELSAY,NR
3601029917637,ELSAY,NR
3601029917668,ELSAY,NR
3601029920378,BEAUX JOURS,CD
3601029921153,WOODSUN,AA
3601029923317,ELSAY,NR
3601029931558,SELECTION D'EXPERT,NR
3601029931640,LINKSTER,NP
3601029932661,TECH9,AO
3601029947788,ELSAY,NR
3601029947795,ELSAY,AA
3601029948006,ELSAY,NR
3601029950863,LINKSTER,NP
3601029951990,LINKSTER,AA
3601029952195,ELSAY,NR
3601029952348,ELSAY,NR
3601029953680,WOODSUN,D
3601029957343,FOXTER,NP
3601029965584,ELSAY,NR
3601029966543,ELSAY,NR
3601029970434,WOODSUN,AA
3601029975798,ELSAY,RE
3601029981256,FOXTER,AA
3601029985384,LINKSTER,NP
3603312957085,FOXTER,J1
3603312962331,ELSAY,NR
3603313166103,LINKSTER,PM
3603313166141,LINKSTER,NP
3603313166189,LINKSTER,NP
3603313166295,LINKSTER,NP
3603313166356,LINKSTER,NR
3603313166370,LINKSTER,RE
3603313228955,FOXTER,NR
3603313231566,LINKSTER,RE
3603313231627,LINKSTER,NP
3603313231634,LINKSTER,NP
3603313231702,LINKSTER,RE
3603313232419,BEAUX JOURS,NR
3603313304178,TECH9,AO
3603313355835,SANS MARQUE,AA
3603313448759,ELSAY,A4
3603313448810,ELSAY,
3603313553798,FOXTER,
3607705402732,LG,D
3609020002277,BLAUKPUNT,AA
3611730029949,EUROTECH,RE
3613560021667,SECOND LIFE PHONE,F9
3613560022787,HUAWEI,P9
3613560024286,APPLE,Z0
3660148000118,DENON,RE
3660215136306,THOMSON,AA
3660619406005,SEAGATE,RE
3660619407491,SEAGATE,F9
3660619409747,SEAGATE,
3660619409785,SEAGATE,
3660662029244,,F9
3660767202115,BRANDT,F9
3660767208032,SAUTER,
3660767542150,BRANDT,
3660767550148,BRANDT,
3660767563407,VEDETTE,A4
3660767566170,BRANDT,
3660767571051,BRANDT,
3660767576094,FAGOR,
3660767932883,,
3660767939493,BRANDT,F9
3660767953062,VEDETTE,D
3660767953154,BRANDT,F9
3660767957756,BRANDT,
3660767958500,BRANDT,
3660767969889,BRANDT,
3660767971486,,
3660767973527,BRANDT,
3660767973893,BRANDT,
3660767975118,,F9
3660767976610,SAUTER,
3660767977365,VEDETTE,
3660767978577,BRANDT,
3660767984165,VEDETTE,A4
3660767990883,,
3660767992825,VEDETTE,
3660767996274,BRANDT,
3660767998308,BRANDT,Z0
3660767999589,BRANDT,
3661276169685,BADABULE,AA
3661602030009,RACING,F9
3661602040619,HYUNDAI,
3661602046635,FEIDER,F9
3662277031193,KEYOUEST,AA
3662277031254,KEYOUEST,AA
3662277033975,KEYOUEST,AA
3662277043172,KEYOUEST,AA
3662277047019,KEYOUEST,RE
3662313015019,TRAX,NR
3662313020112,TX,RE
3662313021164,TX,RJ
3662515024178,VIVO,F9
3662515039462,MOTOROLA,
3662515055165,APPLE,RE
3662515063818,ECHO,F9
3662515079024,XIAOMI,
3662515080389,MOTOROLA,RE
3662515080877,XIAOMI,
3662545050284,HP,
3662738039911,AUTRE MARQUE,AA
3663111147926,MUVIT,F9
3663111147933,TIGER,F9
3663111159035,OPPO,D9
3663111160338,MUVIT,F9
3663111163629,MUVIT,F9
3663111166644,MYWAY,F9
3663111166668,MY WAY,AA
3663111166873,WE,AA
3663111170856,,RE
3663111170863,TIGER,F9
3663111173376,AUTRE MARQUE,F9
3663111174564,MUVIT,AA
3663111182903,MUVIT,AA
3663111191578,MY WAY,F9
3663262022523,REMADE IN FRANCE,RJ
3663705041357,APPLE,AA
3663705047632,APPLE,AA
3663705062871,APPLE,NR
3663792006857,THOMSON,
3663792008387,THOMSON,
3663792010205,THOMSON,F9
3663792014579,THOMSON,
3663792020006,THOMSON,
3663792020297,THOMSON,
3663792021799,THOMSON,YC
3663792027005,THOMSON,
3663792034867,THOMSON,
3664625244026,LUMIX,F9
3664625294304,LUMIX,F9
3664766014007,KONROW,AA
3664766014434,KONROW,AA
3664766018999,KONROW,AA
3665962004939,NACON,RE
3665962006339,BIGBEN,RE
3665962006933,BIGBEN,RE
3665962009279,NACON,RE
3665962025637,NACON,RE
3666085200031,SAINT ALGUE,F9
3666085200154,SAINT ALGUE,F9
3666085200567,DEMELISS,F9
3666085202042,SAINT ALGUE,F9
3666085850830,DEMELISS,F9
3666114328118,VIVLIO,B3
3666114411254,VIVLIO,B3
3666114431542,VIVLIO,RE
3666114431603,VIVLIO,RE
3666630005029,LEDWOOD,AA
3666630005692,LEDWOOD,AA
3700034244322,KRUPS,SE
3700035114617,CABASSE,YD
3700062637288,SAMSUNG,NR
3700062638360,SAMSUNG,RD
3700062639121,GALAXY,D9
3700092608555,URBANGLIDE,NR
3700092616772,URBANGLIDE,
3700092617052,URBANGLIDE,
3700092617069,URBANGLIDE,D
3700092633830,URBANGLIDE,D9
3700092656136,URBANGLIDE,
3700092656488,URBANGLIDE,05
3700102439148,GARDIF,
3700104434196,SPIRIT OF GAMER,RE
3700169111131,GREATLAND,AO
3700169113876,TRIMMA,D
3700169114415,GREATLAND,RE
3700169115603,GREATLAND,AO
3700169115634,AUTRE MARQUE,D
3700206403144,LE PRATIQUE,NR
3700224765040,MCL,F9
3700263704024,DLH,NR
3700293210861,SCOOTY,AA
3700293221096,YEEP.ME,NR
3700293221102,YEEP.ME,AA
3700293223403,MOBILITY LAB,AA
3700293223915,YEEP.ME,AA
3700342417142,KRUPS,
3700342437614,KRUPS,RE
3700342440119,KRUPS,
3700342443486,MOULINEX,
3700342444438,KRUPS,
3700342445664,KRUPS,
3700342445800,KRUPS,
3700342447842,ROWENTA,
3700342448511,KRUPS,D9
3700342479911,ROWENTA,
3700342480757,SEB,
3700342483291,MOULINEX,
3700372710718,UNDER CONTROL,RE
3700410336047,TELEFUNKEN,
3700410338058,TUCSON,
3700410338317,TUCSON,
3700410342086,TUCSON,
3700410349672,TUCSON,
3700410349740,TUCSON,
3700410350135,TUCSON,
3700410354287,TELEFUNKEN,AA
3700410356281,TUCSON,
3700410357387,TUCSON,
3700410357806,TUCSON,Z0
3700410361469,TUCSON,F9
3700410363012,TUCSON,
3700410367515,TUCSON,
3700410367553,TUCSON,
3700410367720,TUCSON,
3700410368925,TUCSON,F9
3700410371062,TUCSON,Z0
3700410372748,TUCSON,P9
3700460200374,NEW ONE,F9
3700460203313,MUSE,Z0
3700460203542,MUSE,F9
3700460204594,MUSE,F9
3700460205409,MUSE,Z0
3700460205454,MUSE,F9
3700460205690,MUSE,F9
3700460206154,MUSE,Z0
3700460206192,NEW ONE,F9
3700460206376,MUSE,Z0
3700460206475,MUSE,Z0
3700460206529,MUSE,Z0
3700460206642,NEW ONE,F9
3700460206772,MUSE,Z0
3700460206840,MUSE,Z0
3700460207229,NEW ONE,F9
3700460207335,NEW ONE,F9
3700460207427,MUSE,Z0
3700460207588,MUSE,Z0
3700460207809,MUSE,RE
3700460207908,MUSE,Z0
3700460208080,MUSE,F9
3700460208189,MUSE,
3700460208226,MUSE,Z0
3700460208455,NEW ONE,F9
3700460208622,MUSE,Z0
3700460208684,MUSE,F9
3700460208714,MUSE,Z0
3700460208738,MUSE,F9
3700460208783,MUSE,F9
3700460208790,MUSE,Z0
3700460208868,MUSE,Z0
3700460208936,MUSE,F9
3700460208950,MUSE,F9
3700460209025,MUSE,F9
3700460209100,MUSE,Z0
3700460209117,MUSE,F9
3700460209162,MUSE,Z0
3700460209216,MUSE,
3700460209384,MUSE,F9
3700460209421,MUSE,Z6
3700460209452,MUSE,Z0
3700460209476,MUSE,F9
3700460209483,MUSE,F9
3700460209704,MUSE,F9
3700460209834,MUSE,F9
3700460209865,MUSE,F9
3700460209872,MUSE,F9
3700462012531,LOGICOM,F9
3700497800059,AUTRE MARQUE,RE
3700527301334,NEDIS,F9
3700527304618,EVOOM,AA
3700527305158,MOBILITY LAB,RE
3700527305738,MOBILITY LAB,Z0
3700527310725,MOBILITY LAB,Z0
3700527312200,EVOOM,F9
3700527312965,NOVA GAMING,AA
3700527313023,MOBILITY LAB,F9
3700527314235,EVOOM,NR
3700546706080,WITHINGS,RE
3700585512345,AUTRE MARQUE,
3700585515421,WOODSUN,
3700585518453,ATLAS,
3700585518545,DENVER,
3700585518774,LAST BIKES,
3700585519177,DENVER,
3700590915865,WONDERBAG,F9
3700601416992,ALCATEL,F9
3700601421682,ALCATEL,F9
3700601421873,ALCATEL,F9
3700601422115,ALCATEL,CD
3700601422122,ALCATEL,F9
3700601425390,ALCATEL,F9
3700601428124,ALCATEL,F9
3700643703524,EEZI FLASH - IMDE,
3700643703692,EEZI FLASH - IMDE,
3700764700457,CROSSCALL,
3700764701263,CROSSCALL,
3700764713327,CROSSCALL,
3700764722114,CROSSCALL,
3700764731161,CROSSCALL,
3700789511052,LEDWOOD,AA
3700844600585,DIVERS MARQUES,AA
3700923602370,FLYBLADE,
3700923603063,FLYBLADE,DP
3700992519197,MOBILIS,
3700992529783,MOBILIS,
3701056399687,JEAN LOUIS DAVID,F9
3701083037309,APPLE,Z4
3701083037521,APPLE,1A
3701083038108,SECOND LIFE PHONE,
3701083063179,APPLE,
3701083073451,APPLE,
3701085203467,,NR
3701085205171,SCS SENTINEL,RE
3701085207144,SCS SENTINEL,RE
3701097611441,FACTO REFURB,AA
3701119900775,MAX'L,Z0
3701119900881,MAXELL,F9
3701119900966,MAX'L,Z0
3701119902335,MAX'L,Z0
3701119903578,MAX'L,Z0
3701202608953,APPLE,Z4
3701202609080,SMAAART,RE
3701202609134,SMAAART,
3701202609141,SMAAART,
3701202609172,SMAAART,
3701202609202,SMAAART,Z0
3701202609233,SMAAART,NR
3701202609943,APPLE,
3701202610024,SMAAART,
3701202610345,APPLE,Z4
3701202612226,APPLE,Z0
3701202614428,SMAAART,
3701202615616,DELL,
3701202615692,LENOVO,
3701202616125,,RE
3701202616958,DELL,
3701221701154,SUBSONIC,F9
3701221702250,,B3
3701410400011,OPTIMEO,RE
3701410400585,OPTIMEO,F9
3701410401551,OPTIMEA,AA
3701410402008,OPTIMEA,NR
3701417802702,ONIVERSE,RE
3701417803402,ONIVERSE,NR
3701588198772,LUMIX,F9
3701613300026,MOBMO,P9
3701657201501,HELVETIA,Z0
3707346025182,STEAMONE,F9
3760024826532,INOVALLEY,NR
3760040200569,ZEUS,
3760040202075,DOMAC,
3760040202259,MASTER FLASH,D
3760040203560,DOMAC,
3760104467938,TECHTRAINING,
3760104468355,SHARK,
3760104468447,SHARK,
3760104468485,TECHTRAINING,Z0
3760104468522,SHARK,
3760115719293,TECHWOOD,AA
3760146211780,THOMSON,RJ
3760147999427,PHILIPS,F9
3760162054170,BLUESTORK,Z0
3760162063240,THE G-LAB,Z0
3760162064209,THE G-LAB,F9
3760162064551,THE G-LAB,F9
3760162064582,THE G-LAB,Z0
3760162064599,THE G-LAB,F9
3760162066746,RYGHT,F9
3760165466604,KANGUI,NR
3760170881935,URBAN FACTORY,F9
3760170886121,AUTRE MARQUE,F9
3760170886145,URBAN FACTORY,F9
3760179061321,ORDISSIMO,
3760179061963,ORDISSIMO,
3760179062069,ORDISSIMO,
3760190144614,EZICLEAN,NR
3760190146946,EZICLEAN,AA
3760191860629,,D
3760196434313,PNJ,RE
3760206480279,RYGHT,Z0
3760206481726,RYGHT,Z0
3760206481764,RMUSIC,Z0
3760206481870,RYGHT,F9
3760206481894,RYGHT,F9
3760206483201,RYGHT,Z0
3760206483546,RYGHT,F9
3760206483560,RYGHT,F9
3760206483775,RMUSIC,F9
3760206483782,RMUSIC,F9
3760206483881,RYGHT,Z0
3760206483904,RYGHT,Z0
3760206484680,RYGHT,Z0
3760206484697,RYGHT,F9
3760206484772,RYGHT,AA
3760240781172,LITTLE BALANCE,F9
3760240781936,LITTLE BALANCE,F9
3760240782612,LITTLE BALANCE,F9
3760240783343,LITTLE BALANCE,F9
3760240783732,LITTLE BALANCE,F9
3760240784005,LITTLE BALANCE,F9
3760240784456,LITTLE BALANCE,F9
3760240784593,LITTLE BALANCE,F9
3760240784630,LITTLE BALANCE,F9
3760240784654,LITTLE BALANCE,Z0
3760240784814,LITTLE BALANCE,Z0
3760240784821,LITTLE BALANCE,F9
3760240785422,LITTLE BALANCE,F9
3760240785729,LITTLE BALANCE,F9
3760240786320,LITTLE BALANCE,F9
3760240786764,LITTLE BALANCE,F9
3760240786856,LITTLE BALANCE,F9
3760240786894,LITTLE BALANCE,Z0
3760240786917,LITTLE BALANCE,Z0
3760240787013,LITTLE BALANCE,F9
3760240787037,LITTLE BALANCE,Z0
3760240787099,LITTLE BALANCE,Z0
3760240787167,LITTLE BALANCE,F9
3760240787181,LITTLE BALANCE,F9
3760240787259,LITTLE BALANCE,NR
3760240787334,LITTLE BALANCE,F9
3760240787389,LITTLE BALANCE,Z0
3760240787426,LITTLE BALANCE,F9
3760240787471,LITTLE BALANCE,F9
3760240787518,LITTLE BALANCE,Z0
3760240787525,LITTLE BALANCE,Z0
3760240787914,LITTLE BALANCE,Z0
3760240788263,LITTLE BALANCE,F9
3760240788287,LITTLE BALANCE,F9
3760240788294,LITTLE BALANCE,F9
3760240788386,LITTLE BALANCE,F9
3760244750082,QOOQ,RE
3760244750525,QOOQ,
3760265541638,AGFA,F9
3760265541843,AGFA,F9
3760265541973,AGFA,F9
3760265541980,AGFA,F9
3760265542017,AGFA,F9
3760265542130,AUTRE MARQUE,NR
3760265544219,AGFA,F9
3760265545209,AGFA,F9
3760265545773,AGFA,F9
3760265545865,SPC - SMART PRODUCT CONNECTION,AA
3760266160234,BUNDY,AA
3760295910909,,F9
3760321590181,AWA,AA
3760340881215,RADIOLA,F9
3760340881703,RADIOLA,F9
3760340882540,SCHNEIDER,
3760340883288,SCHNEIDER,Z0
3760340883295,SCHNEIDER,
3760340883325,SCHNEIDER,F9
3760340883462,SCHNEIDER,
3760340883653,RADIOLA,
3760340883691,SCHNEIDER,RJ
3760340883776,SCHNEIDER,
3760340884223,SCHNEIDER,P9
3760354051079,AUTRE MARQUE,AA
3760355440148,EKLYPS,AA
3760355440704,EKLYPS,RE
3760358172367,LUMIX,NR
3760361140964,LUNII,NR
3760372554132,EZICLEAN,AA
3760372555337,EZICLEAN,NR
3760372557867,EZICLEAN,ZR
3760372558017,EZICLEAN,RE
3760372558857,EZICLEAN,PC
3770003825319,BBACK,1A
3770003826699,E-SLIDE,
3770003827252,APPLE,
3770003828822,THOMSON,
3770003829225,PHILIPS,
3770003829232,PHILIPS,P9
3770003829287,BBACK,
3770003829515,REBORN,
3770003829584,BBACK,
3770003829591,APPLE,D9
3770003829980,REBORN,
3770003830047,REBORN,CD
3770003830665,PHILIPS,
3770003831136,APPLE,
3770003831143,APPLE,Z0
3770003832454,REBORN,Z4
3770003833062,APPLE,
3770003833123,APPLE,P9
3770003866145,REBORN,P9
3770009443845,AZGENON,F9
3770019314029,BIGBEN,F9
3772243992189,,AA
3772243992424,HALTERREGO,AA
3838782637919,HISENSE,F9
3838782906350,HISENSE,
4000814604131,SEVERIN,F9
4001702021252,BRUDER,NR
4002395126309,AEG,AO
4002516598916,MIELE,
4006508195978,MELITTA,
4006508224203,MELITTA,F9
4006825588163,EINHELL,YD
4006825588255,EINHELL,
4006825601275,EINHELL,
4006825604337,EINHELL,
4006825614237,EINHELL,Z4
4006825622270,EINHELL,F9
4006825626575,EINHELL,
4006825629163,EINHELL,
4006825629583,SCHEPPACH,Z4
4006825635454,EINHELL,
4006825635935,EINHELL,D
4006825641547,EINHELL,
4006825642728,EINHELL,
4006825643824,EINHELL,
4006825644883,EINHELL,
4006825646856,EINHELL,AC
4006825647532,EINHELL,Z4
4006825650518,GARDEN ELEM TECHNIC,
4006825651300,EINHELL,
4006825651362,EINHELL,
4006825651485,EINHELL,
4006825651768,EINHELL,
4006825653786,EINHELL,Z4
4006825654189,EINHELL,F9
4006825655193,EINHELL,
4006825655254,EINHELL,
4006825655926,EINHELL,
4006825658743,EINHELL,
4006825661842,EINHELL,Z4
4006825662054,EINHELL,D
4006825662160,EINHELL,
4006825662382,EINHELL,
4006825665444,EINHELL,Z4
4006825666618,EINHELL,
4006825666915,EINHELL,Z4
4006825669138,EINHELL,
4006825670363,EINHELL,
4006825672060,EINHELL,Z4
4006825678406,EINHELL,
4007922079219,NATIONAL PANASONIC,AA
4008146001017,SEVERIN,F9
4008146014536,SEVERIN,F9
4008146018589,SEVERIN,F9
4008146027413,SEVERIN,F9
4008146029264,SEVERIN,F9
4008146029530,SEVERIN,F9
4008146029677,SEVERIN,F9
4008146030871,SEVERIN,F9
4008146031663,SEVERIN,F9
4008146034503,SEVERIN,F9
4008146034510,SEVERIN,F9
4008146036460,SEVERIN,F9
4008146036545,SEVERIN,F9
4008146036804,SEVERIN,F9
4008146036903,SEVERIN,F9
4008146037139,SEVERIN,F9
4008146038099,SEVERIN,F9
4008146038785,SEVERIN,F9
4008146041266,SEVERIN,F9
4008146041839,SEVERIN,F9
4008146043765,SEVERIN,F9
4008146044977,SEVERIN,F9
4008146046438,SEVERIN,F9
4008146210303,SEVERIN,F9
4008423836943,GARDEN ELEM TECHNIC,
4008423856194,MTD,
4008423861228,MTD,
4008423872361,MTD,
4008423924336,MTD,
4008496636419,VARTA,AA
4008496760459,RUSSELL HOBBS,
4008496781027,RUSSELL HOBBS,F9
4008496813155,REMINGTON,F9
4008496853144,RUSSELL HOBBS,F9
4008496880041,RUSSELL HOBBS,F9
4008496941834,RUSSELL HOBBS,F9
4008496974320,RUSSELL HOBBS,F9
4008496984046,RUSSELL HOBBS,F9
4008496985234,REMINGTON,F9
4010869253857,PANASONIC,
4014915080077,SCHEPPACH,Z4
4022167102003,HONEYWELL,F9
4022167130020,BRAUN,NR
4022167330307,BRAUN,F9
4024035100012,TRISTAR,F9
4024862126872,TOSHIBA,D9
4024862126896,TOSHIBA,Z0
4024862131203,TOSHIBA,
4024862131227,TOSHIBA,F9
4030152026012,OLYMPIA,AA
4030152027064,OLYMPIA,AA
4030152028016,HP,NR
4030152028023,HP,RE
4034303014125,INTENSO,RE
4034303016518,INTENSO,F9
4039621915420,PEBBLE,F9
4039784948129,KARCHER,
4039784951129,KARCHER,
4039784959521,KARCHER,AC
4044155098198,SENNHEISER,F9
4044155207101,SENNHEISER,F9
4044155248944,SENNHEISER,F9
4046664027560,SCHEPPACH,NR
4046664037514,SCHEPPACH,F9
4046664040699,SCHEPPACH,Z4
4046664040705,SCHEPPACH,
4046664045502,SCHEPPACH,
4046664066071,SCHEPPACH,
4046664068365,SCHEPPACH,
4046664071488,SCHEPPACH,
4046664071662,SCHEPPACH,
4046664072126,SCHEPPACH,
4046664072973,SCHEPPACH,Z4
4046664076254,SCHEPPACH,Z4
4046664080640,SCHEPPACH,
4046664089063,SCHEPPACH,
4046664090977,SCHEPPACH,Z4
4046664091004,SCHEPPACH,Z4
4046664092209,SCHEPPACH,
4046664094326,SCHEPPACH,
4046664094913,SCHEPPACH,F9
4046664095071,SCHEPPACH,AO
4046664102502,SCHEPPACH,
4046664109952,SCHEPPACH,
4046664112129,SCHEPPACH,F9
4046664123736,SCHEPPACH,Z4
4046664128021,SCHEPPACH,
4046664128106,SCHEPPACH,D
4046664137443,SCHEPPACH,
4046664169390,SCHEPPACH,NR
4046664184348,SCHEPPACH,
4046664215875,SCHEPPACH,F9
4046664222200,SCHEPPACH,
4046664228448,SCHEPPACH,Z4
4046664228660,SCHEPPACH,
4046664259978,SCHEPPACH,
4047025127615,SAUTER,AA
4047443486356,HAMA,AA
4054278040707,KARCHER,
4054278313023,KARCHER,RE
4054278331393,KARDON,
4054278469546,KARCHER,
4054278497648,KARCHER,
4054278586465,KARCHER,
4054278618265,KARCHER,
4054278661889,KARCHER,
4054278663517,KARCHER,
4054278906881,KARCHER,
4054278906898,KARCHER,
4054278907161,KARCHER,
4054278961224,KARCHER,
4054278961323,KARCHER,
4054278976471,KARCHER,P9
4058546362270,AEG,
4058546370039,AEG,
4058546513320,RYOBI SA,
4059952611457,BOSCH,RE
4059952647401,BOSCH,AO
4061275214093,MEDION,
4061275215236,MEDION,
4061275215540,ERAZER,
4061275219692,MEDION,
4061275226447,MEDION,RE
4066407021600,GARDENA,Z4
4066529041265,KARCHER,
4066529057884,KARCHER,
4066529089076,KARCHER,
4066529122599,KARCHER,
4078500043601,GARDENA,
4078500053266,GARDENA,
4078500053297,GARDENA,Z4
4078500053303,GARDENA,
4078500062022,GARDENA,
4210201124092,ORAL B,
4210201126522,ORAL B,
4210201139751,BRAUN,D9
4210201171171,BRAUN,
4210201178712,ORAL B,
4210201180326,ORAL B,
4210201190530,BRAUN,
4210201212348,BRAUN,
4210201282051,BRAUN,
4210201285786,BRAUN,
4210201301653,ORAL B,
4210201308775,ORAL B,
4210201320975,BRAUN,
4210201377788,ORAL B,
4210201405375,BRAUN,
4210201409137,ORAL B,
4210201412335,BRAUN,
4210201419686,ORAL B,
4210201423782,ORAL B,
4210201430803,ORAL B,
4210201446491,ORAL B,
4210201446972,BRAUN,
4210201447313,BRAUN,
4210201448273,BRAUN,
4211125100414,BEURER,
4211125749095,BEURER,
4242002686769,BOSCH,
4242002758879,BOSCH,
4242002760650,BOSCH,
4242002808673,SAMSUNG,
4242002921808,BOSCH,F9
4242002924847,BOSCH,
4242002958422,BOSCH,Z0
4242003672419,SIEMENS,
4242005038893,BOSCH,
4242005109357,BOSCH,RD
4242005110704,BOSCH,RE
4242005135967,BOSCH,F9
4242005180882,BOSCH,05
4242005180912,BOSCH,
4242005202584,BOSCH,
4242005208586,BOSCH,
4242005211968,BOSCH,
4242005215164,BOSCH,F9
4242005224173,BOSCH,
4242005227105,BOSCH,
4242005252336,BOSCH,
4242005284580,BOSCH,
4242005359288,BOSCH,
4242005383092,BOSCH,
4242005393114,BOSCH,DP
4242005403578,BOSCH,CD
4242005415953,BOSCH,
4242005441273,BOSCH,
4242005451739,BOSCH,
4242005471997,BOSCH,
4250366854557,GIGASET,F9
4250366854564,GIGASET,F9
4250366854663,GIGASET,Z0
4250366854670,GIGASET,Z0
4250366854724,GIGASET,Z0
4250366855394,GIGASET,F9
4250366868813,GIGASET,Z0
4250366869254,GIGASET,D9
4250366872223,GIGASET,Z0
4250366872353,GIGASET,Z0
4260057124821,MEDIARANGE,Z0
4260283113552,MEDIARANGE,NR
4260325422659,SUMUP,Z0
4260358128535,TECHNAXX,RE
4260403574973,RIVACASE,05
4260525487694,BULLIT,NR
4260557510902,TOSHIBA,
4260557511381,TOSHIBA,
4260557512364,TOSHIBA,
4260709010809,RIVACASE,
4260709011936,RIVACASE,
4260709013367,RIVACASE,
4545350044992,OLYMPUS,RE
4545350055455,OM SYSTEM,Z4
4545350055882,OM SYSTEM,F9
4547410354843,FUJI FILM,F9
4547410364866,FUJI FILM,RE
4547410476385,FUJI FILM,F9
4547410489064,FUJI FILM,Z4
4547410529982,FUJI FILM,AA
4548736015142,SONY,F9
4548736026568,SONY,F9
4548736053236,SONY,
4548736053335,SONY,
4548736053540,SONY,
4548736053885,SONY,F9
4548736067325,SONY,Z0
4548736076525,SONY,
4548736077836,SONY,
4548736095809,SONY,D9
4548736096035,SONY,
4548736096219,SONY,
4548736098961,SONY,F9
4548736099029,SONY,F9
4548736099142,SONY,F9
4548736107120,SONY,RE
4548736118706,SONY,F9
4548736121737,SONY,
4548736134249,SONY,
4548736134331,SONY,
4548736135352,SONY,F9
4548736136922,SONY,
4548736145481,SONY,
4548736146136,SONY,F9
4548736147843,SONY,F9
4548736158337,SONY,F9
4549292036640,CANON,RE
4549292057539,CANON,
4549292083088,CANON,RE
4549292090512,CANON,
4549292118780,CANON,
4549292129021,CANON,
4549292142280,CANON,
4549292158076,CANON,
4549292176049,CANON,
4549292194180,CANON,CC
4549292198621,CANON,RE
4549292214598,CANON,
4549292221411,CANON,CC
4549292237368,CANON,CC
4549526611780,CASIO,
4550556110020,SHARP,Z0
4550556110082,SHARP,
4550556112567,SHARP,Z0
4560119536112,DENON,
4573201240453,PIONEER,
4573201240477,PIONEER,
4573211154887,PIONEER,F9
4573211158212,PIONEER,F9
4710180439557,ACER,
4710180885590,ACER,
4710268256274,GENIUS,
4710483771002,COUGAR,
4710483771927,COUGAR,
4710483771934,COUGAR,
4710483775055,COUGAR,NR
4710710679286,AVERMEDIA,YD
4710886046462,LENOVO,
4710886048657,ACER,
4710886063476,ACER,DP
4710886200727,ACER,
4710886228844,PREDATOR,D
4710886385097,ACER,
4710886593805,ACER,
4710886616009,ACER,
4710886776888,ACER,
4710886853343,ACER,
4710886957072,ACER,
4711081019282,ASUS,
4711081088622,ASUS,
4711081088738,ASUS,NR
4711081088745,ASUS,
4711081151449,ASUS,
4711081222750,ASUS,
4711081222774,ASUS,
4711081280163,ASUS,
4711081283010,ASUS,
4711081415718,ASUS,
4711081441625,ASUS,
4711081484264,ASUS,
4711081544081,ASUS,
4711081599487,ASUS,
4711081658344,ASUS,D9
4711081749424,ASUS,
4711081778592,REPUBLIC OF GAMER,F9
4711081789789,ASUS,
4711121063671,ACER,NR
4711121077258,ACER,
4711121141607,ACER,
4711121304507,ACER,
4711121315831,ACER,
4711121352133,ACER,
4711121365195,ACER,RE
4711121608759,ACER,
4711121690518,ACER,
4711121726354,ACER,
4711121726569,ACER,
4711121732966,ACER,
4711121753152,ACER,
4711121760105,ACER,
4711121997563,ACER,
4711377060738,MSI,P9
4711377063944,MSI,RE
4711377084536,MSI,DP
4711377091701,MSI,
4711377150323,MSI,
4711377157292,MSI,Z0
4711377195362,MSI,
4711387012956,ASUS,
4711387089361,ASUS,
4711387121061,ASUS,
4711387140819,REPUBLIC OF GAMER,F9
4711387155547,ASUS,
4711387215623,ASUS,
4711387289013,ASUS,
4711387558768,ASUS,
4711387566824,ASUS,
4711387641484,ASUS,
4711387643785,ASUS,P9
4711387658871,ASUS,
4711387683989,ASUS,P9
4711387813270,ASUS,
4711404023453,HANNSPREE,
4711474010087,ACER,
4711474028693,ACER,
4711474063939,ACER,
4711474063991,ACER,
4711474207289,ACER,
4711474426161,ACER,
4711636001311,ASUS,
4711636173575,ASUS,
4712900556346,ASUS,
4713392949333,ACER,D9
4713883616409,ACER,
4713883854955,ACER,
4715302442576,COUGAR,
4718017346818,ASUS,
4718017485395,ASUS,
4718017749930,ASUS,
4718755084195,BENQ,RE
4719072780203,MSI,
4719072781644,MSI,
4719072806347,MSI,
4719072834166,MSI,Z0
4719072955472,MSI,YD
4891813202592,EXOST TEAM,NR
4891813547556,SILVERLIT,NR
4892210117335,RYOBI,
4892210118165,RYOBI,DP
4892210118691,RYOBI,NR
4892210126764,RYOBI,
4892210132352,RYOBI,
4892210137951,RYOBI,NR
4892210138033,RYOBI,D9
4892210138521,RYOBI,
4892210147615,RYOBI,Z0
4892210150820,RYOBI,F9
4892210157713,RYOBI,D
4892210157768,RYOBI,
4892210157904,RYOBI,NR
4892210157942,RYOBI,F9
4892210159045,RYOBI,F9
4892210160102,RYOBI,F9
4892210169549,RYOBI,F9
4892210169808,RYOBI,
4892210174598,RYOBI,
4892210174604,RYOBI,
4892210176196,RYOBI,
4892210181053,RYOBI,
4892210184870,RYOBI,
4892210184917,RYOBI,
4892210189776,RYOBI,F9
4892210189868,RYOBI,
4892210190253,RYOBI,
4892210192608,RYOBI,
4892210197245,RYOBI,
4892210201867,RYOBI,
4892210203090,RYOBI,NR
4892210203236,RYOBI,YC
4892210203243,RYOBI,
4892210203250,RYOBI,
4892210203427,RYOBI,DP
4892210203946,RYOBI,
4892210204622,RYOBI,
4892210206060,RYOBI,
4892210207586,RYOBI,Z0
4892210217592,RYOBI,
4892210218285,RYOBI,
4892210245939,RYOBI,
4894461787695,TCL,RE
4894461881270,TCL,P9
4894461921334,TCL,
4894461923352,TCL,1A
4894461937151,ALCATEL,F9
4894461944364,TCL,
4894461944371,TCL,P9
4894461961064,TCL,
4894461974927,TCL,
4894461975276,TCL,
4894461992761,TCL,
4894863202352,SKILL,Z4
4895150404015,EUROPE TS,
4895173317408,ICE WATCH,F9
4895173317446,,F9
4895173318993,ICE WATCH,F9
4895173319020,ICE WATCH,Z0
4895173319877,ICE WATCH,Z0
4895173327391,ICE WATCH,RE
4895173329586,ICE WATCH,F1
4895218332236,KODAK,AA
4895227203862,TCL,
4895229108219,PHILIPS,F9
4895229110281,PHILIPS,F9
4895229110342,PHILIPS,F9
4895229111226,PHILIPS,F9
4895229117402,PHILIPS,F9
4895229136779,PHILIPS,F9
4895229138063,PHILIPS,F9
4895229149205,PHILIPS,F9
4895229149212,PHILIPS,F9
4895229151932,PHILIPS,F9
4895229159167,PHILIPS,F9
4895229159174,PHILIPS,RE
4895229160187,PHILIPS,F9
4895252501575,TAPO,F9
4895252506129,TAPO,F9
4897069734580,ABYX,F9
4897069734948,ABYX,Z0
4897069735303,ABYX,Z0
4897069735341,ABYX,Z0
4897069735365,ABYX,F9
4897069735389,ABYX,Z0
4897069735402,ABYX,F9
4897069735549,AMAZFIT,F9
4897069735624,ABYX,F9
4897069735709,ABYX,F9
4897069736645,ABYX,Z0
4897069736959,ABYX,F9
4897098685860,TAPO,F9
4897098685884,TP-LINK,Z0
4897098687635,TP LINK,F9
4897099301455,PHILIPS,F9
4897099302438,PHILIPS,F9
4897116931160,KODAK,F9
4897116931177,KODAK,F9
4897120490011,KODAK,F9
4905193001215,AKAI,D
4905524731903,SONY,F9
4905524936803,SONY,F9
4905524942170,SONY,F9
4905524980189,SONY,
4907034218936,TEAC,D
4907034223480,TEAC,Z4
4948570115648,IIYAMA,
4948570117758,IIYAMA,
4948570118878,IIYAMA,
4948570121168,IIYAMA,
4948570121564,SAMSUNG,NR
4948570123940,IIYAMA,
4948570124428,IIYAMA,
4948570124749,IIYAMA,
4948570124763,IIYAMA,
4949268621342,WACOM,
4957812659802,YAMAHA,
4960673132544,RYOBI,DP
4960759150165,NIKON,
4960999666549,CANON,
4961310147242,AUDIO TECHNICA,LP
4961310147280,AUDIO TECHNICA,P9
4961310156800,AUDIO TECHNICA,
4968929055784,JBL,
4968929078790,JBL,F9
4968929211302,JBL,F9
4968929213344,JBL,F9
4968929216871,JBL,F9
4968929222599,JBL,NR
4968929222605,JBL,F9
4968929222636,JBL,F9
4974019151885,SHARP,AA
4974019164571,SHARP,
4974019178394,SHARP,
4974019180854,SHARP,CD
4974019180878,SHARP,
4974019183367,SHARP,Z0
4974019220932,SHARP,
4974019407937,SHARP,
4974019811635,SHARP,F9
4974019938349,SHARP,
4974019973203,SHARP,
4975769002069,JVC,F9
4975769002113,JVC,F9
4975769009013,JVC,F9
4975769016349,JVC,F9
4975769020322,JVC,F9
4975769023972,JVC,Z0
4975769025761,JVC,F9
4975769430329,JVC,F9
4975769470691,JVC,F9
4975769472817,JVC,Z0
4975769472824,JVC,F9
4975769477614,JVC,F9
4977766742269,BROTHER,AO
5011373920944,KODAK,Z0
5011423004174,KENWOOD,P9
5011423191607,KENWOOD,
5011423197708,KENWOOD,
5011423203515,KENWOOD,
5011423205229,KENWOOD,NR
5011423206394,KENWOOD,
5011423206509,KENWOOD,F9
5011832068248,MORPHY RICHARDS,F9
5011832068958,MORPHY RICHARDS,F9
5017151625001,TOSHIBA,RE
5025155018699,DYSON,RE
5025155018705,DYSON,
5025155034095,DYSON,
5025155034811,DYSON,
5025155070932,DYSON,
5025155085073,DYSON,PC
5025155096093,DYSON,PC
5025232154593,PANASONIC,RE
5025232806973,PANASONIC,RE
5025232818181,PANASONIC,D9
5025232862832,PANASONIC,
5025232867783,LUMIX,
5025232872374,PANASONIC,F9
5025232873951,PANASONIC,F9
5025232894529,PANASONIC,F9
5025232897391,PANASONIC,AA
5025232910304,PANASONIC,F9
5025232917488,PANASONIC,
5025232920259,PANASONIC,
5025232931149,PANASONIC,F9
5025232952724,PANASONIC,
5025232952731,PANASONIC,
5025232964185,PANASONIC,F9
5025232964956,PANASONIC,
5028252615259,REXEL,AA
5031753007492,MOTOROLA,F9
5033588048213,PLANTRONICS,RE
5033588048510,NACON,RE
5033588051435,NACON,DC
5035048403334,BLACK & DECKER,F9
5035048447529,BLACK & DECKER,RE
5035048465424,BLACK & DECKER,NR
5035048631928,BLACK & DECKER,AA
5035048640999,BLACK & DECKER,NR
5035048641071,BLACK & DECKER,F9
5035048648186,BLACK & DECKER,RE
5035048656594,BLACK ET DECKER,F9
5035048657690,BLACK & DECKER,Z0
5035048657706,BLACK & DECKER,F9
5035048669952,BLACK & DECKER,DP
5035048682784,BLACK & DECKER,F9
5035048697993,BLACK & DECKER,Z0
5035048704165,BLACK & DECKER,F9
5035048704219,BLACK & DECKER,F9
5035048709146,BLACK & DECKER,F9
5035048728017,BLACK & DECKER,RE
5035048731567,BLACK & DECKER,Z0
5035048737798,BLACK & DECKER,Z0
5035048833803,BLACK & DECKER,F9
5038061101041,REMINGTON,F9
5038061104608,RUSSELL HOBBS,RE
5038061110043,REMINGTON,F9
5038061111309,RUSSELL HOBBS,F9
5038061133998,REMINGTON,F9
5038061134049,REMINGTON,F9
5038061135022,RUSSELL HOBBS,F9
5038061138597,REMINGTON,F9
5038061139082,REMINGTON,F9
5038061139877,REMINGTON,F9
5051794028737,TARGUS,NR
5051794035094,TAURUS,F9
5055862330623,TOSHIBA,D
5060035707089,HOMEDICS,RE
5060359289728,IROBOT,
5060472352606,MOTOROLA,AA
5060629983264,IROBOT,Z0
5060629983547,IROBOT,
5060629989662,IROBOT,Z0
5060647650117,VICTROLA,F9
5060647650124,VICTROLA,RE
5060647650131,VICTROLA,F9
5060647650230,VICTROLA,F9
5060647650681,VICTROLA,F9
5060647651077,VICTROLA,Z4
5060647651138,VICTROLA,F9
5060647651145,VICTROLA,F9
5060647651152,VICTROLA,Z4
5060832950015,MITCHELL ACOUSTICS,F9
5099058517016,SLENDERTONE,RJ
5099058734000,SLENDERTONE,RE
5099206022898,LOGITECH,F9
5099206029347,LOGITECH,Z0
5099206038868,LOGITECH,Z0
5099206048744,LOGITECH,F9
5099206051775,LOGITECH,F9
5099206059702,LOGITECH,Z0
5099206064201,LOGITECH,Z0
5099206066212,LOGITECH,Z0
5099206073050,LOGITECH,F9
5099206075023,LOGITECH,F9
5099206080270,LOGITECH,F9
5099206080300,ULTIMATE EARS,F9
5099206086463,LOGITECH,F9
5099206088719,LOGITECH,F9
5099206089181,LOGITECH,F9
5099206097520,LOGITECH,F9
5099206097568,LOGITECH,Z0
5099206099906,LOGITECH,Z0
5099206101548,LOGITECH,Z0
5099206103795,ULTIMATE EARS,F9
5099206104235,LOGITECH,F9
5291485006341,CANYON,RE
5397184534014,DELL,
5397184671603,DELL,AA
5397184848067,DELL,RE
5397184852798,DELL,
5400338094484,VARO,
5400338099816,POWERPLUS,Z4
5407005980330,HOMEDICS,RE
5407009181221,KITTY,AA
5411074119973,GARDEN ELEM TECHNIC,NR
5411074172909,GARDEO,
5411074177300,GARDEN ELEM TECHNIC,
5411074179540,GARDEN ELEM TECHNIC,D
5411074191535,GARDEN ELEM TECHNIC,RE
5411074195090,ELEMENT,Z4
5411074195144,GARDEN ELEM TECHNIC,Z0
5411074199043,GARDEN ELEM TECHNIC,DP
5411074200985,DIVERS MARQUES,NR
5411074201463,GARDEN ELEM TECHNIC,Z4
5411074212858,CONSTRUCTOR,Z4
5411074216153,GARDEO,
5411074219413,GARDEN ELEM TECHNIC,
5411074219574,GARDEO,D
5411074230173,GARDEN ELEM TECHNIC,
5411074233235,CONSTRUCTOR,Z4
5411397140500,DOMO,AA
5412144456660,DIVERS MARQUES,
5412810134656,NEDIS,NR
5412810405794,NEDIS,AA
5412810418831,NEDIS,AA
5412810438136,NEDIS,AA
5413184000783,KITCHENAID,
5413184151591,KITCHENAID,
5413184160067,KITCHENAID,Y1
5413184200701,KITCHENAID,
5414906048519,MG INTERNATIONAL,NR
5420047121493,BOOST,RE
5420047123701,BOOST,F9
5420047131102,BOOST,F9
5420047133878,MADISON,AA
5420047135971,PARTY TIME,F9
5420047138842,PARTY TIME,F9
5420047139153,IBIZA,F9
5420047139214,BOOTS,
5420047140364,LOTRONIC,F9
5420047140722,MADISON,CD
5420047140739,LOTRONIC,F9
5420047140906,BOOST,RE
5420047141293,IBIZA,CD
5420047142412,BOOST,F9
5420047143020,LOTRONIC,F9
5420047143587,MADISON,F9
5420047143723,MADISON,F9
5453003781745,XTREME MAC,RE
5604612722890,AGROBIOTHERS,
5604612728410,Z  A Définir <----------------,
5604612757731,GARDEN ELEM TECHNIC,Z4
5705820368501,SCANCOM - PLICOSA,NR
5706751021114,DENVER,AA
5706751074622,DENVER,AA
5707055052774,JABRA,Z0
5707055052804,JABRA,Z0
5707055052835,JABRA,Z0
5707055055140,JABRA,P9
5707119038461,STEELSERIES,Z0
5707119039833,STEELSERIES,Z0
5707119040242,STEELSERIES,F9
5707119041294,STEELSERIES,F9
5707119041591,,F9
5707119043670,STEELSERIES,F9
5707119047548,STEELSERIES,Z0
5707119050272,ARCAM,NR
5707119060820,STEELSERIES,F9
5715492223657,NILFISK,YD
5715492233731,NILFISK,
5745000293612,SHARK,F9
5901292503413,TCL,
5901292505646,TCL,
5901292507558,THOMSON,
5901292507787,TCL,
5901292507886,THOMSON,
5901292507916,THOMSON,RE
5901292508678,THOMSON,
5901292508869,TCL,D
5901292509668,THOMSON,
5901292509965,THOMSON,RE
5901292510848,TCL,
5901292510954,THOMSON,
5901292511227,THOMSON,
5901292511265,THOMSON,D
5901292511418,THOMSON,
5901292511470,TCL,
5901292513207,THOMSON,
5901292514082,TCL,F9
5901292514402,TCL,RE
5901292514624,THOMSON,D9
5901292515324,TCL,Z0
5901292515812,TCL,RE
5901292516512,TCL,D
5901292518332,TCL,RE
5901292518349,HP,
5901292518400,TCL,
5901292518578,TCL,YA
5901292518615,TCL,NR
5901292519438,TCL,D
5901292520878,TCL,
5901292520885,TCL,F9
5901292521707,TCL,P9
5901292524043,TCL,F9
5901292524562,TCL,F9
5901292524821,TCL,
5901292524845,TCL,RE
5901292525859,TCL,Z0
5901292525941,TCL,P9
5901292526047,TCL,
5901969425727,NATEC GENESIS,F9
5902983609261,HAMMER,AA
5902983617433,HAMMER,NR
5902983619383,HAMMER,AA
5902983621959,HAMMER,AA
5902983622635,MYPHONE,NR
5902983625766,HAMMER,AA
5902983626176,HAMMER,AA
5902983626558,HAMMER,AA
5903802469912,SHARP,
5903932005806,MARVEL AVENGERS,F9
5905683270137,SHARP,AA
5906006933388,FAGOR,Z0
5906006934590,FAGOR,CD
5908235972756,MAXCOM,AA
5908235975924,MAXCOM,AA
5908235977539,MAXCOM,AA
5908235977690,MAXCOM,AA
5908235977775,MAXCOM,F9
5908235977782,MAXCOM,AA
5908267921890,GOODRAM,RJ
5996415033649,WAHL,F9
6133826002157,VEDETTE,
6133826007176,BRANDT,
6133826007374,BRANDT,DP
6133826008685,VEDETTE,
6133826008852,BRANDT,
6188328062697,DREAME,Z4
6240234451214,KRUPS,
6901101826053,HISENSE,Z0
6901443282227,HUAWEI,DP
6901443325368,HONOR,F9
6901443332359,HUAWEI,P9
6901443388820,HUAWEI,F9
6921081503072,HAIER,
6921727026958,HISENSE,
6921727073433,HISENSE,DO
6924351631581,DOOGEE,AA
6925281918742,JBL,Z0
6925281934643,JBL,F9
6925281940804,JBL,Z0
6925281943164,JBL,Z0
6925281953378,JBL,Z0
6925281953507,JBL,F9
6925281954405,JBL,
6925281957253,JBL,
6925281959400,JBL,Z0
6925281967580,JBL,F9
6925281967849,JBL,
6925281969737,JBL,Z0
6925281971723,JBL,F9
6925281973918,JBL,RE
6925281974373,JBL,F9
6925281974601,JBL,F9
6925281975301,JBL,F9
6925281975615,JBL,Z0
6925281975622,JBL,F9
6925281975677,JBL,F9
6925281975707,JBL,Z0
6925281975875,JBL,Z4
6925281976896,JBL,Z0
6925281979187,JBL,F9
6925281979200,JBL,Z4
6925281982118,JBL,
6925281986390,JBL,Z0
6925281987328,JBL,F9
6925281992452,JBL,
6925281993053,JBL,
6925281993497,JBL,F9
6925281996641,JBL,Z0
6925777848324,HAIER,DP
6925876326051,HAIER,
6931548306917,BLACKVIEW,NR
6931548309666,BLACKVIEW,AA
6931548309673,BLACKVIEW,AA
6931548311416,BLACKVIEW,
6931548311492,BLACKVIEW,NR
6931548311737,BLACKVIEW,
6931548313250,BLACKVIEW,AA
6931548313533,BLACKVIEW,RE
6931548313564,BLACKVIEW,AA
6931548314295,,NR
6931548314356,BLACKVIEW,AA
6931548314707,BLACKVIEW,AA
6931548314776,BLACKVIEW,AA
6931548314882,BLACKVIEW,AA
6931548314899,BLACKVIEW,NR
6931548315193,BLACKVIEW,AA
6931548315988,HENKEL,AA
6931548316466,BLACKVIEW,AA
6931548317722,,RE
6931548318989,BLACKVIEW,AA
6931548320463,BLACKVIEW,AA
6931548320685,BLACKVIEW,AA
6932169305129,OPPO,
6932169306010,OPPO,ZA
6932169310062,OPPO,
6932169313957,OPPO,F9
6932169316644,OPPO,
6932169319911,OPPO,D9
6932169319928,OPPO,
6932169351430,OPPO,P9
6932169365079,OPPO,YD
6932554401733,XIAOMI,
6932554403713,XIAOMI,
6932554433116,XIAOMI,
6932554450021,MODELABS,
6932554453008,XIAOMI,
6932554458225,XIAOMI,
6932554458232,XIAOMI,
6933417777422,XIAOMI,
6934177703577,XIAOMI,
6934177723056,XIAOMI,
6934177723643,XIAOMI,F9
6934177724640,XIAOMI,
6934177725753,,
6934177727658,XIAOMI,
6934177735707,XIAOMI,
6934177742040,XIAOMI,
6934177746338,XIAOMI,
6934177749032,XIAOMI,F9
6934177750090,XIAOMI,05
6934177754364,XIAOMI,05
6934177758140,XIAOMI,
6934177760310,XIAOMI,
6934177760662,XIAOMI,
6934177762338,XIAOMI,
6934177767609,XIAOMI,
6934177770593,XIAOMI,
6934177775659,XIAOMI,LP
6934177787799,XIAOMI,
6934177796296,XIAOMI,F9
6934177799419,XIAOMI,
6935117827346,VIVO,
6935117835143,VIVO,
6935117840635,VIVO,
6935117840642,MODELABS,Z0
6935117855219,VIVO,
6935117856261,VIVO,
6935364020064,TP-LINK,F9
6935364050696,TP-LINK,Z0
6935364083830,TP-LINK,F9
6935364088613,TP-LINK,F9
6935364089672,TP-LINK,RE
6935364091453,TP-LINK,RE
6936520806409,HONOR,
6936520832453,HONOR,
6936520839445,HONOR,
6936520841158,HONOR,
6936520843688,HONOR,
6936520851157,HONOR,
6936520865093,HONOR,
6939500732392,BRIGGS & STRATTON,
6941059609797,XIAOMI,
6941059634317,XIAOMI,RE
6941059648451,XIAOMI,
6941192215558,SONY,F9
6941399038097,REALME,
6941399060814,MODELABS,RJ
6941399066106,REALME,
6941399076860,REALME,EB
6941399076891,REALME,
6941487229956,HUAWEI,F9
6941487233069,HUAWEI,
6941487257645,HUAWEI,
6941487257669,HUAWEI,YD
6941487291397,HUAWEI,
6941545602080,EZVIZ,F9
6941545610689,EZVIZ,AA
6941545613284,EZVIZ,F9
6941565939005,DJI,
6941565947888,DJI,
6941565988362,DJI,
6941764400795,REALME,F9
6941764426061,REALME,
6941764450042,REALME,
6941764467767,MADE FOR MI,
6941764467774,REALME,
6941812706312,XIAOMI,F9
6941812707432,MODELABS,
6941812714171,XIAOMI,
6941812717790,,NR
6941812720936,XIAOMI,
6941812725115,XIAOMI,
6941812726457,XIAOMI,
6941812732403,XIAOMI,
6941812740255,XIAOMI,
6941812743089,XIAOMI,
6941812750346,XIAOMI,
6941812750926,XIAOMI,
6941812764404,MODELABS,
6941812775714,XIAOMI,F9
6941812775806,XIAOMI,P9
6941812781425,XIAOMI,
6941812790564,XIAOMI,
6941812791240,XIAOMI,
6941948702097,XIAOMI,RE
6942147430538,HISENSE,
6942147431955,HISENSE,
6942147442319,HISENSE,
6942147449097,HISENSE,
6942147457788,HISENSE,RE
6942147457856,HISENSE,Z0
6942147458617,HISENSE,D9
6942147458723,HISENSE,D9
6942147472194,HISENSE,D9
6942147473276,HISENSE,F9
6942147474754,HISENSE,Z0
6942147475973,HISENSE,F9
6942147476871,HISENSE,Z0
6942147491256,HISENSE,
6942147492192,HISENSE,F9
6942351403762,HISENSE,P9
6943279424723,WIKO,F9
6943757612789,AUTRE MARQUE,RE
6944284665088,OPPO,Y1
6944284693722,OPPO,
6944284695566,OPPO,F9
6951043213343,AEE,RE
6951613995211,PHILIPS,F9
6952909025865,Greenworkstools EU,NR
6952909031385,GREENWORKS,Y1
6952909052724,GREENWORKS,Z4
6952909064581,GREENWORKS,Z4
6952909079189,GREENWORKS,
6957303864508,AUTRE MARQUE,F9
6958444601991,LOGICOM,RE
6970100377552,AMAZFIT,
6970100377842,AMAZFIT,
6970194085173,ZHIYUN,F9
6970244525932,XIAOMI,RE
6971408156450,XIAOMI,RE
6971744237752,EZVIZ,Z0
6971744239732,EZVIZ,Z0
6972072900103,KODAK,Z0
6972072900295,KODAK,Z0
6972596102663,AMAZFIT,
6972596102755,AMAZFIT,
6972596104780,MODELABS,
6972596105183,AMAZFIT,
6972596108269,AMAZFIT,
6972782763548,NIU,F9
6973316850994,HONOR,F9
6973316854077,HONOR,YD
6973553523750,CGV,Z4
6973734685253,DREAME,YD
6974202726065,HIKSEMI,
6974202726515,HIKSEMI,Z0
6974202726522,HIKSEMI,
6974202726539,HIKSEMI,
6974202726546,HIKSEMI,F9
6974202726843,HIKSEMI,
6974202727031,HIKSEMI,
6974202727048,HIKSEMI,
6976233675879,DREAME,YD
6976695094379,HIKSEMI,F9
7090048400637,AVESTA,Z0
7110932543353,AUTRE MARQUE,AA
7110935153139,SECOND LIFE PHONE,RE
7111301357229,ASPIRAL,RE
7111604424932,ASGAR,RE
7141262093041,APPLE,
7290016025361,EPILADY,ZR
7290113764224,SODASTREAM,F9
7290113764231,SODASTREAM,F9
7290116740232,SODASTREAM,F9
7290116747644,SODASTREAM,F9
7290119792818,SODASTREAM,F9
7290119792979,SODASTREAM,F9
7290119793136,SODASTREAM,F9
7322460055400,DORO MATRA,F9
7322460073817,DORO MATRA,
7322460077617,DORO MATRA,D9
7322460078430,DORO MATRA,
7322460082093,DORO MATRA,
7322460083595,DORO MATRA,
7322460085520,DORO MATRA,D
7322460087524,DORO MATRA,
7322460089887,,
7322460089917,DORO MATRA,
7332543231997,FAURE,
7332543345519,FAURE,D
7332543383917,ELECTROLUX,D
7332543412679,ELECTROLUX,
7332543428151,,
7332543522040,FAURE,DP
7332543554119,,
7332543590148,,DP
7332543591923,,RE
7332543594535,,
7332543624096,,
7332543654253,,
7332543666102,TORNADO,05
7332543673582,ELECTROLUX,
7332543723164,,
7332543746019,,
7332543773466,,
7332543776689,ELECTROLUX,
7332543796960,ELECTROLUX,
7332543820368,ELECTROLUX,Z0
7333282008352,EMERIO,AA
7333394021614,ELECTROLUX,
7333394063492,ELECTROLUX,
7340055353922,MARSHALL,F9
7340055355391,MARSHALL,P9
7340055374989,MARSHALL,RE
7340055383776,MARSHALL,F9
7340055384940,MARSHALL,
7340055394840,MARSHALL,F9
7340055400664,MARSHALL,Z0
7350088304174,URBANISTA,NR
7391736620680,MC CULLOCH,
7393080382542,MC CULLOCH,
7393080500496,MC CULLOCH,
7393081509481,MC CULLOCH,
7393089154744,MC CULLOCH,D
7393089372384,MC CULLOCH,D
7500435206327,BRAUN,
7500435224932,BRAUN,
7500435225014,BRAUN,
7500435244909,BRAUN,
7610583161468,HASBRO,NR
7616550092728,DIVERS MARQUES,F9
7640158014646,KRONOZ,AA
7640169724442,AUTRE MARQUE,AA
7640186960458,PHILIPS,F9
7640186960564,PHILIPS,Z0
7640186961691,RADIOLA,RE
7640186962629,PHILIPS,F9
8000439902137,DELONGHI,
8001011632688,MONDO,NR
8001011636044,MONDO,AA
8001090236258,ROWENTA,
8001090576651,ORAL B,
8003437051357,WHIRLPOOL,
8003437202698,WHIRLPOOL,DP
8003437204777,WHIRLPOOL,
8003437205576,WHIRLPOOL,
8003437208867,WHIRLPOOL,
8003437231490,WHIRLPOOL,DP
8003437394751,WHIRLPOOL,
8003437427718,LADEN,DP
8003437441295,WHIRLPOOL,
8003437464409,WHIRLPOOL,
8003437467066,LADEN,
8003437469206,WHIRLPOOL,DP
8003437475139,WHIRLPOOL,
8003437601545,KITCHENAID,YD
8003437604768,WHIRLPOOL,
8003437624568,WHIRLPOOL,
8003437712555,WHIRLPOOL,E9
8003437860645,WHIRLPOOL,
8003437860768,WHIRLPOOL,
8003437861253,WHIRLPOOL,
8003437861796,WHIRLPOOL,
8003705113923,ARIETE,
8003705114913,ARIETE,F9
8003705114920,,Z0
8003705114951,ARIETE,Z0
8003705117921,ARIETE,AA
8003705118485,ARIETE,F9
8003705119017,ARIETE,YD
8003705121317,ARIETE,F9
8003705121331,ARIETE,F9
8003705122796,ARIETE,Z0
8003705122932,ARIETE,F9
8004399143135,DELONGHI,F9
8004399323216,DELONGHI,
8004399323827,DELONGHI,
8004399325050,DELONGHI,
8004399331440,DELONGHI,
8004399331457,DELONGHI,
8004399334380,DELONGHI,
8004399334687,DELONGHI,
8004399334861,DELONGHI,
8005125526871,CLEMENTONI,NR
8006023315444,LG,
8006023324798,MY SOUND,AA
8006023325467,MELICONI,Z0
8006023326228,MELICONI,AA
8006023333035,HP,RE
8006540759813,BRAUN,
8006540760277,ORAL B,
8006540760345,ORAL B,
8006540760918,BRAUN,
8006540773178,BRAUN,
8006540805091,ORAL B,
8006540840825,ORAL B,
8007403116323,BELLISSIMA,AA
8007411010293,POLTI,F9
8007411011436,POLTI,F9
8007411011658,POLTI,
8007411012198,VAPORELLA,
8007411012426,POLTI,F9
8007842746686,INDESIT,DP
8007842829174,HOTPOINT,
8007842829198,HOTPOINT,D
8007842837346,INDESIT,D
8007842858372,HOTPOINT,DP
8007842891638,HOTPOINT,DP
8007842963878,HOTPOINT,
8008984830660,ALPINA,NR
8008984830721,ALPINA,
8008984833425,ALPINA,
8008984847804,STIGA,
8008984851191,ALPINA,
8008984856691,STIGA,
8011000040271,TREVI,AA
8013298028733,LAVORWASH France,
8013298203833,LAVORWASH France,Z0
8013298204939,LAVORWASH France,Z0
8013298208739,LAVOR WASH FRANCE,
8013298210954,KARCHER,Z0
8013298216215,LAVOR WASH FRANCE,
8015244400655,NO NAME,
8015244410005,DENVER,
8015244700007,SWANN,
8016287141079,BLACK & DECKER,AA
8016361782860,CANDY,
8016361860315,CANDY,DP
8016361869400,CANDY,
8016361915640,CANDY,DP
8016361937079,CANDY,
8016361939035,CANDY,
8016361943278,HOOVER,F9
8016361945043,CANDY,
8016361988538,CANDY,
8016361994676,HOOVER,
8016361995710,CANDY,
8016738825039,BLACK & DECKER,RE
8017709197216,SMEG,AA
8017709229979,SMEG,
8017709231309,SMEG,PC
8017709231378,SMEG,AA
8017709237431,SMEG,
8017709299958,SMEG,
8020119138724,FIAC,F9
8021098000767,BRAUN,Z0
8021098000781,BRAUN,Z4
8021098003997,BRAUN,YD
8021098774873,BRAUN,Z0
8021735201885,CELLY,NR
8026619021931,OLEO MAC,
8026619060374,STAUB,NR
8026619072643,STAUB,
8026619076528,OLEO MAC,NR
8026619079079,OLEO MAC,
8026619107369,STAUB,
8033830300240,BIGBEN,F9
8050147001240,HOTPOINT,DP
8050147028957,INDESIT,
8050147055274,HOTPOINT,
8050147543399,INDESIT,
8050147543436,INDESIT,
8050147561447,INDESIT,
8050147577035,ARISTON,
8050147599211,INDESIT,
8050147608821,INDESIT,
8050147611258,INDESIT,
8050147618301,HOTPOINT,
8050147618721,WHIRLPOOL,
8050147636817,HOTPOINT,
8050147653586,INDESIT,
8050147680964,HOTPOINT,
8050507987351,ARGENTO,
8050507987511,JEEP,
8056420225440,BEPER,AA
8056711530697,DUCATI E MOBILITY,D
8056711539829,APRILIA,
8058054000530,RAIN IRRIGATION,NR
8059019004655,CANDY,
8059019009728,CANDY,F9
8059019009834,HOOVER,
8059019027838,CANDY,
8059019033860,CANDY,
8059019037639,CANDY,
8059019038506,CANDY,
8059019039824,CANDY,F9
8059019039879,ROSIERES,
8059019058566,CANDY,
8059019059150,CANDY,
8059019067360,CANDY,
8059019074566,CANDY,
8059019083902,CANDY,
8059019087986,CANDY,Z0
8410964006772,INJUSA,NR
8413880142050,FAGOR,D
8414234135292,CALOR,D9
8414234189783,TAURUS,AA
8414234482082,TAURUS,AA
8414234563132,TAURUS,NR
8427542120447,KSIX,AA
8427542128696,KSIX,RE
8427542133003,KSIX,RE
8427542133010,KSIX,NR
8427542133232,KSIX,RE
8427542133249,KSIX,NR
8427542139012,KSIX,RE
8432406600058,BLACK ET DECKER,AA
8432406600119,BLACK & DECKER,AA
8432406700086,BLACK & DECKER,
8432426449330,DIVERS MARQUES,AA
8433766481066,SOLAC,AA
8435255802116,TD SYSTEMS,RJ
8435256896558,AIWA,AA
8435256897890,AIWA,NR
8435256898002,AIWA,AA
8435430613612,NGS,
8435430614282,NGS,AA
8435507892414,,RE
8435606761819,MTK,RE
8435606765657,MTK,RE
8436545615829,AVENZ,RJ
8436545615881,AVENZ,RJ
8436545616352,AVENZ,F9
8436545616598,AVENZ,RJ
8436609912246,SPC - SMART PRODUCT CONNECTION,
8436609912451,SPC - SMART PRODUCT CONNECTION,
8436609912574,SPC - SMART PRODUCT CONNECTION,
8436609912581,SPC - SMART PRODUCT CONNECTION,
8436609913342,SPC - SMART PRODUCT CONNECTION,YD
8436609913458,SPC - SMART PRODUCT CONNECTION,
8436609914226,SPC - SMART PRODUCT CONNECTION,Z4
8445290507563,NESPRESSO,
8590104805196,SENSEO,
8690769389700,BEKO,
8690842033261,BEKO,E9
8690842155130,BEKO,
8690842202063,BEKO,
8690842212970,BEKO,D
8690842216749,BEKO,
8690842234828,BEKO,
8690842240324,BEKO,
8690842251405,BEKO,F9
8690842256868,BEKO,RE
8690842269288,BEKO,
8690842284540,BEKO,Z0
8690842357404,BEKO,
8690842384172,BEKO,
8690842385476,BEKO,
8690842397608,BEKO,Z0
8690842425240,BEKO,RE
8690842428937,BEKO,
8690842454950,BEKO,
8690842474439,BEKO,
8690842475290,BEKO,
8690842491092,BEKO,F9
8690842577246,BEKO,
8690842581038,BEKO,
8690842585104,BEKO,
8690842603242,BEKO,
8690842605901,BEKO,
8690842667749,BEKO,
8690842688447,BEKO,
8690842689079,BEKO,CD
8690842711534,INDESIT,Z0
8698902500364,DAEWOO,
8698902501477,DAEWOO,
8698902501880,DAEWOO,
8698902504867,DAEWOO,
8698902510134,DAEWOO,F9
8698902510196,DAEWOO,Z0
8698902511131,DAEWOO,CD
8698902512480,DAEWOO,
8698902512596,DAEWOO,F9
8698902513586,DAEWOO,Z0
8698902513999,SHARP,
8700216579278,BRAUN,
8710103645214,PHILIPS,
8710103699781,PHILIPS,
8710103718383,PHILIPS,
8710103729471,PHILIPS,D9
8710103775591,PHILIPS,ZR
8710103781707,PHILIPS,
8710103786412,PHILIPS,
8710103787020,PHILIPS,RE
8710103810490,PHILIPS,D9
8710103823308,SENSEO,
8710103824428,PHILIPS,
8710103831617,PHILIPS,F9
8710103840510,PHILIPS,D
8710103858973,PHILIPS,F9
8710103860044,PHILIPS,F9
8710103863069,PHILIPS,
8710103883012,PHILIPS,D9
8710103888383,PHILIPS,F9
8710103893691,PHILIPS,F9
8710103894643,PHILIPS,
8710103894766,PHILIPS,
8710103897439,PHILIPS,D9
8710103910930,PHILIPS,F9
8710103915416,PHILIPS,
8710103925286,PHILIPS,RD
8710103930372,PHILIPS,
8710103930389,PHILIPS,
8710103935520,PHILIPS,F9
8710103939351,PHILIPS,F9
8710103940999,PHILIPS,F9
8710103943808,,AA
8710103945499,PHILIPS,F9
8710103951728,PHILIPS,Z0
8710103952046,PHILIPS,
8710103963196,PHILIPS,
8710103966821,PHILIPS,05
8710103967637,PHILIPS,F9
8710103971139,PHILIPS,F9
8710103987901,PHILIPS,F9
8710103991786,PHILIPS,F9
8711000539798,BOSCH,
8711252170763,ALPINA,AA
8711252503844,LIFETIME AIR,AA
8711902043911,LENCO,AA
8711902066996,LENCO,AA
8711902069362,LENCO,AA
8711902081036,LENCO,AA
8711902086130,LENCO,AA
8711902086901,LENCO,AA
8712184020027,BESTRON,AA
8712184058365,BESTRON,AA
8712184058389,BESTRON,AA
8712184058402,BESTRON,AA
8712412585410,ALECTO,AA
8712581708405,PHILIPS,RE
8712581714499,,
8712581718664,PHILIPS,
8712836962781,TRISTAR,NR
8712836966635,PRINCESS,F9
8712836972780,TRISTAR,NR
8712836976917,TRISTAR,F9
8712836977167,TRISTAR,F9
8712836986855,TRISTAR,F9
8713016008787,TRISTAR,F9
8713016031631,PRINCESS,F9
8713016037602,TRISTAR,F9
8713016053831,TRISTAR,F9
8713016068712,TRISTAR,F9
8713016094308,TRISTAR,F9
8713016094919,TRISTAR,NR
8713016095350,NOVA,
8713016099389,PRINCESS,F9
8713016099549,PRINCESS,F9
8713016100962,PRINCESS,F9
8713439166972,TRUST,Z0
8713439178050,TRUST,Z0
8713439178661,TRUST,Z0
8713439190236,TRUST,Z0
8713439211870,TRUST,Z0
8713439218718,TRUST,Z0
8713439226560,TRUST,Z6
8713439228854,TRUST,Z0
8713439235814,TRUST,F9
8713439237917,TRUST,F9
8713439241327,TRUST,F9
8713439242584,TRUST,Z0
8713439242713,TRUST,Z0
8713439243871,TRUST,Z0
8713439243895,TRUST,F9
8713439244823,TRUST,F9
8713439245875,TRUST,Z0
8713439246780,TRUST,F9
8713439247169,TRUST,F9
8713439248791,TRUST,Z0
8713439248982,TRUST,F9
8713439249903,TRUST,F9
8713439249910,TRUST,Z0
8713439249927,TRUST,Z0
8713439250282,TRUST,Z0
8713439250367,TRUST,Z0
8713439250374,TRUST,F9
8713439251081,TRUST,F9
8713508711133,QLIMA,NR
8713508772684,TECTRO,AA
8713508780016,TECTRO,NR
8713508786315,TECTRO,RE
8714505046358,CALIBER,AA
8714505047843,CALIBER,AA
8714574572529,CANON,RE
8714574642482,CANON,
8714574686301,CANON,
8714789988726,AMBIANO,AA
8715946665283,EPSON,Z0
8715946666846,EPSON,RE
8715946676722,EPSON,
8715946698182,EPSON,
8715946698205,EPSON,
8715946702544,EPSON,
8715946702568,EPSON,
8715946706740,EPSON,
8715946707778,EPSON,
8715946707891,EPSON,
8715946733586,EPSON,
8716184073984,ONE FOR ALL,F9
8716184075575,ONE FOR ALL,RE
8717448012299,PAVO,AA
8717774694619,WASH,NR
8718309256951,SODASTREAM,RE
8718863002247,PHILIPS,
8718863018828,PHILIPS,
8718863023327,PHILIPS,
8718863023341,PHILIPS,D9
8718863023624,PHILIPS,
8718863028209,PHILIPS,
8718863028971,PHILIPS,D
8718863033791,PHILIPS,
8718863033944,PHILIPS,
8718863034361,PHILIPS,
8718863036839,PHILIPS,
8718863036860,PHILIPS,
8718863036921,PHILIPS,
8718863036945,PHILIPS,
8718863037096,PHILIPS,
8718863041147,PHILIPS,
8718863046258,PHILIPS,
8719324860055,WAHL,F9
8719643003430,SKIL,Z4
8719643004659,SKIL,AO
8719643005984,SKIL,Z4
8720249805014,FRESH & REBEL,Z0
8720249805762,FRESH & REBEL,F9
8720249805779,FRESH & REBEL,AA
8720249805823,FRESH & REBEL,F9
8720249805861,FRESH & REBEL,Z0
8720249805885,FRESH & REBEL,Z0
8720249805892,FRESH & REBEL,Z0
8720249805922,FRESH & REBEL,F9
8720249805953,FRESH & REBEL,F9
8720249806622,FRESH & REBEL,F9
8720249806646,DIVERS MARQUES,AA
8720249806691,FRESH & REBEL,F9
8720249806721,FRESH & REBEL,F9
8720249806851,FRESH & REBEL,F9
8720249806967,FRESH & REBEL,F9
8720249807094,FRESH & REBEL,F9
8720254406008,SEGWAY,
8720254406480,NINEBOT by SEGWAY,
8720389000881,PHILIPS,Z0
8720389001260,PHILIPS,
8720389007583,PHILIPS,
8720389014277,PHILIPS,F9
8720389027611,PHILIPS,
8720389034909,PHILIPS,F9
8720389041228,PHILIPS,P9
8720389044601,PHILIPS,F9
8720389903731,PHILIPS,Z0
8720486890002,,
8720568100357,TCL,F9
8720568100524,TCL,
8720568100838,TCL,
8720627626712,DIVERS MARQUES,AA
8720689002073,PHILIPS,
8720689003124,PHILIPS,F9
8720689007719,PHILIPS,
8720689007894,PHILIPS,F9
8720689029070,DIVERS MARQUES,F9
8720689030762,PHILIPS,F9
8720862502680,AUTRE MARQUE,AA
8721091907499,APPLE,RE
8801031718320,AUTRE MARQUE,AO
8801643178352,SAMSUNG,
8801643209988,SAMSUNG,
8801643248123,SAMSUNG,
8801643287658,SAMSUNG,
8801643344634,SAMSUNG,D9
8801643396695,SAMSUNG,
8801643636081,SAMSUNG,D9
8801643728991,SAMSUNG,
8801643734336,SAMSUNG,
8801643736170,SAMSUNG,
8801643740900,SAMSUNG,Z4
8801643882068,SAMSUNG,
8801643898113,SAMSUNG,RE
8801643979393,BIGBEN CONNECTED,EB
8801643988975,SAMSUNG,F9
8801643993542,SAMSUNG,F9
8806071266435,SAMSUNG,
8806071287027,SAMSUNG,
8806084058546,LG,D
8806084071156,LG,
8806084082619,LG,
8806084085023,LG,
8806084172365,LG,
8806084202475,LG,
8806084202550,LG,
8806084270382,LG,
8806084530356,LG,RE
8806084531506,LG,
8806084674678,LG,
8806084703125,LG,
8806084717399,LG,D9
8806084737120,LG,D9
8806084739735,LG,
8806084802965,LG,D9
8806084949998,LG,
8806085090736,SAMSUNG,
8806085437968,SAMSUNG,
8806085476585,SAMSUNG,
8806085484054,SAMSUNG,
8806085863149,SAMSUNG,RE
8806085987654,SAMSUNG,D9
8806086156233,SAMSUNG,
8806086237123,SAMSUNG,
8806087226195,LG,F9
8806087294057,LG,DP
8806087349658,LG,
8806087455571,LG,
8806087801286,LG,
8806087833539,LG,
8806087907209,LG,
8806087945003,LG,Z0
8806087973051,LG,
8806088084893,SAMSUNG,
8806088112923,SAMSUNG,
8806088179469,SAMSUNG,
8806088256122,SAMSUNG,
8806088292236,SAMSUNG,D
8806088551173,SAMSUNG,DP
8806088736761,SAMSUNG,
8806088750125,SAMSUNG,
8806088753300,SAMSUNG,
8806088753539,SAMSUNG,ZA
8806088836706,SAMSUNG,D
8806088960388,SAMSUNG,P9
8806088960562,SAMSUNG,P9
8806090022661,SAMSUNG,F9
8806090082207,SAMSUNG,
8806090082320,SAMSUNG,DL
8806090169229,SAMSUNG,NR
8806090306853,SAMSUNG,
8806090325632,SAMSUNG,
8806090325656,SAMSUNG,D9
8806090325823,SAMSUNG,
8806090336874,SAMSUNG,D9
8806090351679,SAMSUNG,
8806090390005,SAMSUNG,NR
8806090397349,SAMSUNG,
8806090422416,SAMSUNG,
8806090486036,SAMSUNG,
8806090602658,SAMSUNG,
8806090605925,SAMSUNG,
8806090607011,SAMSUNG,
8806090653896,,F9
8806090691423,SAMSUNG,
8806090706226,SAMSUNG,F9
8806090813382,SAMSUNG,
8806090873829,SAMSUNG,D9
8806090892875,SAMSUNG,
8806090962899,SAMSUNG,F9
8806090987953,SAMSUNG,
8806091075840,LG,
8806091152985,LG,D
8806091218100,LG,
8806091420633,LG,DP
8806091462091,LG,RE
8806091506412,LG,Z0
8806091547798,LG,RE
8806091548856,LG,Z0
8806091624123,LG,NR
8806091624215,LG,
8806091624413,LG,
8806091656315,LG,P9
8806091741158,LG,A4
8806091802040,LG,DP
8806091804310,LG,AA
8806091897121,LG,
8806091928511,LG,
8806091936493,LG,P9
8806091951496,LG,F9
8806092054387,SAMSUNG,
8806092077829,SAMSUNG,RJ
8806092175006,SAMSUNG,
8806092179004,SAMSUNG,D9
8806092230347,SAMSUNG,LP
8806092260061,SAMSUNG,
8806092266223,SAMSUNG,DL
8806092278011,SAMSUNG,RE
8806092519411,SAMSUNG,
8806092607163,SAMSUNG,
8806092607194,SAMSUNG,
8806092612464,SAMSUNG,
8806092632066,SAMSUNG,P9
8806092709904,SAMSUNG,F9
8806092784086,SAMSUNG,
8806092934788,SAMSUNG,
8806092956575,SAMSUNG,
8806092967892,SAMSUNG,
8806092978423,SAMSUNG,
8806094095180,SAMSUNG,
8806094183955,SAMSUNG,
8806094192711,SAMSUNG,
8806094224122,SAMSUNG,
8806094226102,SAMSUNG,
8806094235111,SAMSUNG,
8806094235388,SAMSUNG,
8806094257540,SAMSUNG,F9
8806094268560,SAMSUNG,AA
8806094268577,SAMSUNG,
8806094305210,SAMSUNG,
8806094386363,SAMSUNG,
8806094414486,SAMSUNG,
8806094415148,SAMSUNG,
8806094416152,SAMSUNG,D9
8806094416633,SAMSUNG,
8806094428094,SAMSUNG,RE
8806094491036,SAMSUNG,
8806094491173,SAMSUNG,
8806094494075,SAMSUNG,
8806094517088,SAMSUNG,
8806094517347,SAMSUNG,D9
8806094534115,SAMSUNG,
8806094557015,SAMSUNG,
8806094581812,SAMSUNG,
8806094651355,SAMSUNG,F9
8806094682748,SAMSUNG,F9
8806094724882,SAMSUNG,
8806094733242,SAMSUNG,05
8806094769289,SAMSUNG,
8806094825428,SAMSUNG,
8806094843293,SAMSUNG,
8806094843460,SAMSUNG,
8806094902075,SAMSUNG,
8806094903737,SAMSUNG,
8806094906127,SAMSUNG,
8806094906691,SAMSUNG,AA
8806094907612,SAMSUNG,
8806094908770,SAMSUNG,
8806094919165,SAMSUNG,Z0
8806094919646,SAMSUNG,D9
8806094936902,SAMSUNG,
8806094948929,SAMSUNG,
8806094957174,SAMSUNG,PA
8806095019734,SAMSUNG,
8806095019789,SAMSUNG,
8806095019833,SAMSUNG,
8806095036984,SAMSUNG,
8806095039893,SAMSUNG,F9
8806095055244,ESSENTIAL,
8806095059297,SAMSUNG,
8806095108834,SAMSUNG,
8806095137520,SAMSUNG,
8806095163543,SAMSUNG,
8806095163604,SAMSUNG,
8806095210841,SAMSUNG,
8806095268439,SAMSUNG,AA
8806095268484,SAMSUNG,
8806095299730,SAMSUNG,RE
8806095307497,SAMSUNG,
8806095308234,SAMSUNG,
8806095308920,SAMSUNG,
8806095337234,SAMSUNG,
8806095361611,SAMSUNG,
8806095382739,SAMSUNG,DL
8806095412634,SAMSUNG,
8806095427928,SAMSUNG,
8806095445427,SAMSUNG,
8806095445656,SAMSUNG,P9
8806095457604,SAMSUNG,
8806095457864,SAMSUNG,
8806095457994,SAMSUNG,
8806095464251,SAMSUNG,
8806095491202,SAMSUNG,P9
8806095510002,SAMSUNG,F9
8806095539720,SAMSUNG,
8806095541723,SAMSUNG,
8806095570372,SAMSUNG,F9
8806095572178,SAMSUNG,
8806095627427,SAMSUNG,P9
8806095651392,SAMSUNG,
8806095651606,SAMSUNG,
8806095726113,SAMSUNG,
8806095983028,SAMSUNG,
8806095984124,SAMSUNG,P9
8806096030004,LG,
8806096096901,LG,Z0
8806096138397,LG,AA
8806096346815,LG,
8806097122579,SAMSUNG,
8806097197508,SAMSUNG,
8806097251866,SAMSUNG,P9
8806097462750,SAMSUNG,
8806098019397,LG,
8806098141524,LG,
8806098143689,LG,RE
8806098144952,LG,D
8806098149209,LG,D
8806098151257,LG,
8806098152414,LG,RE
8806098171491,LG,
8806098286256,LG,D9
8806098306442,LG,
8806098387885,LG,
8806098425006,LG,
8806098430833,LG,
8806098599349,LG,
8806098707430,LG,
8806098762354,LG,
8806323327334,DAEWOO,
8806909441614,SAMSUNG,P9
8808992168652,LG,
8808992201717,LG,RE
8808992818045,LG,E9
8808992818212,LG,DP
8809263934730,MPMAN,RE
8809721512517,WINIA,
8809721512531,WINIA,
8809721514740,WINIA,
8809721517369,WINIA,
8809721518311,WINIA,
8809721519530,WINIA,RJ
8809721519837,WINIA,NR
8809968821120,APPLE,
8885012800372,UB+,
8885012806008,UB+,
8886419332824,RAZER,F9
8886419333135,RAZER,Z0
8886419334248,RAZER,
8886419348696,RAZER,
8886419378785,RAZER,
8886419379362,RAZER,YD
8886419379874,RAZER,F9
8888888888888,ELSAY,NP
9120042776914,BEAFON,NR
9120042778123,BEAFON,NR
9120066088062,POLAROID,RE
9120072371745,STRONG,F9
9120072371813,STRONG,AA
9120072372148,STRONG,AA
9120072372285,THOMSON,AA
9120072375002,STRONG,RE
9120072375224,STRONG,NR
9120072375255,STRONG,F9
9120072375590,STRONG,AA
9120072375651,STRONG,F9
9120072375774,STRONG,F9
9120072377617,MOBILITY LAB,RE
9120096773754,POLAROID,F9
9120096773761,BIGBEN CONNECTED,Z4
9120096777677,POLAROID,F9
9120106660104,NOKIA,
9196712308471,BLACKVIEW,AA
9782036049352,XIAOMI,
9782266227605,BOSCH,YD
9791096906512,CGV,F9
9900302192322,,F9